2026-01-07T15:32:05.077382,0.0,917470052352,90762575872,826707476480
2026-01-07T15:32:05.089482,1.1,917470052352,90762575872,826707476480
2026-01-07T15:32:05.100708,0.3,917470052352,90770833408,826699218944
2026-01-07T15:32:05.111923,0.3,917470052352,90795606016,826674446336
2026-01-07T15:32:05.123074,0.3,917470052352,90812121088,826657931264
2026-01-07T15:32:05.134249,0.3,917470052352,90828636160,826641416192
2026-01-07T15:32:05.145364,0.3,917470052352,90853408768,826616643584
2026-01-07T15:32:05.156455,0.3,917470052352,90869923840,826600128512
2026-01-07T15:32:05.167619,0.3,917470052352,90886438912,826583613440
2026-01-07T15:32:05.178744,0.3,917470052352,90902757376,826567294976
2026-01-07T15:32:05.189874,0.9,917470052352,90927529984,826542522368
2026-01-07T15:32:05.201014,0.3,917470052352,90944045056,826526007296
2026-01-07T15:32:05.212187,0.3,917470052352,90960560128,826509492224
2026-01-07T15:32:05.223302,0.3,917470052352,90977075200,826492977152
2026-01-07T15:32:05.234390,0.3,917470052352,91001847808,826468204544
2026-01-07T15:32:05.245565,0.3,917470052352,91010105344,826459947008
2026-01-07T15:32:05.259340,0.5,917470052352,92096823296,825373229056
2026-01-07T15:32:05.270721,0.3,917470052352,92096823296,825373229056
2026-01-07T15:32:05.281907,0.3,917470052352,92096823296,825373229056
2026-01-07T15:32:05.293083,0.3,917470052352,92121595904,825348456448
2026-01-07T15:32:05.304387,0.3,917470052352,92179398656,825290653696
2026-01-07T15:32:05.315529,0.3,917470052352,92195913728,825274138624
2026-01-07T15:32:05.327089,0.3,917470052352,91610021888,825860030464
2026-01-07T15:32:05.338405,0.3,917470052352,91610021888,825860030464
2026-01-07T15:32:08.775967,0.4,917470052352,91815411712,825654640640
2026-01-07T15:32:08.787439,0.3,917470052352,91815411712,825654640640
2026-01-07T15:32:08.798564,0.3,917470052352,91815411712,825654640640
2026-01-07T15:32:08.809692,0.9,917470052352,91815411712,825654640640
2026-01-07T15:32:08.820754,0.3,917470052352,91815411712,825654640640
2026-01-07T15:32:08.831840,0.3,917470052352,91815411712,825654640640
2026-01-07T15:32:08.842892,0.3,917470052352,91815411712,825654640640
2026-01-07T15:32:08.853917,0.3,917470052352,91815411712,825654640640
2026-01-07T15:32:08.864970,0.3,917470052352,91815411712,825654640640
2026-01-07T15:32:08.876011,0.3,917470052352,91815411712,825654640640
2026-01-07T15:32:08.887072,0.3,917470052352,91815411712,825654640640
2026-01-07T15:32:08.898155,0.3,917470052352,91815411712,825654640640
2026-01-07T15:32:08.909178,0.9,917470052352,91815411712,825654640640
2026-01-07T15:32:08.920241,0.3,917470052352,91815411712,825654640640
2026-01-07T15:32:08.931332,0.3,917470052352,91815411712,825654640640
2026-01-07T15:32:08.942364,0.3,917470052352,91815411712,825654640640
2026-01-07T15:32:08.953399,0.3,917470052352,91815411712,825654640640
2026-01-07T15:32:08.964444,0.3,917470052352,91815411712,825654640640
2026-01-07T15:32:08.975469,0.3,917470052352,91815411712,825654640640
2026-01-07T15:32:08.986531,0.3,917470052352,91815411712,825654640640
2026-01-07T15:32:08.997597,0.3,917470052352,91815411712,825654640640
2026-01-07T15:32:09.008616,0.3,917470052352,91815411712,825654640640
2026-01-07T15:32:09.019696,0.6,917470052352,91815411712,825654640640
2026-01-07T15:32:09.030745,0.3,917470052352,91815411712,825654640640
2026-01-07T15:32:09.041794,0.3,917470052352,91815411712,825654640640
2026-01-07T15:32:09.052872,0.3,917470052352,91815411712,825654640640
2026-01-07T15:32:09.063912,0.3,917470052352,91815411712,825654640640
2026-01-07T15:32:09.074992,0.3,917470052352,91815411712,825654640640
2026-01-07T15:32:09.086026,0.0,917470052352,91815411712,825654640640
2026-01-07T15:32:09.097100,0.0,917470052352,91814821888,825655230464
2026-01-07T15:32:09.130140,0.5,917470052352,91814232064,825655820288
2026-01-07T15:32:09.141239,0.4,917470052352,91831009280,825639043072
2026-01-07T15:32:09.152343,0.3,917470052352,91849031680,825621020672
2026-01-07T15:32:09.163367,0.3,917470052352,91865546752,825604505600
2026-01-07T15:32:09.174435,0.3,917470052352,91873935360,825596116992
2026-01-07T15:32:09.185454,0.3,917470052352,91873935360,825596116992
2026-01-07T15:32:09.196480,0.3,917470052352,91873935360,825596116992
2026-01-07T15:32:09.207486,0.3,917470052352,91890581504,825579470848
2026-01-07T15:32:09.218582,0.3,917470052352,91896479744,825573572608
2026-01-07T15:32:09.229667,0.9,917470052352,91914108928,825555943424
2026-01-07T15:32:09.240725,0.6,917470052352,91931738112,825538314240
2026-01-07T15:32:09.251866,0.3,917470052352,91992227840,825477824512
2026-01-07T15:32:09.262971,0.3,917470052352,92495413248,824974639104
2026-01-07T15:32:09.274380,0.3,917470052352,92495413248,824974639104
2026-01-07T15:32:09.285513,0.6,917470052352,92503670784,824966381568
2026-01-07T15:32:09.296897,0.3,917470052352,92503670784,824966381568
2026-01-07T15:32:09.307955,0.3,917470052352,92503670784,824966381568
2026-01-07T15:32:09.318968,0.6,917470052352,92511928320,824958124032
2026-01-07T15:32:09.330022,0.6,917470052352,92511928320,824958124032
2026-01-07T15:32:09.341276,0.3,917470052352,92511928320,824958124032
2026-01-07T15:32:09.352683,0.3,917470052352,92511928320,824958124032
2026-01-07T15:32:09.363730,0.3,917470052352,92511928320,824958124032
2026-01-07T15:32:09.374787,0.3,917470052352,92511928320,824958124032
2026-01-07T15:32:09.385952,0.9,917470052352,92511928320,824958124032
2026-01-07T15:32:09.397489,0.9,917470052352,92511928320,824958124032
2026-01-07T15:32:09.408518,0.3,917470052352,92511928320,824958124032
2026-01-07T15:32:09.419641,0.9,917470052352,92511928320,824958124032
2026-01-07T15:32:09.430893,0.3,917470052352,92511928320,824958124032
2026-01-07T15:32:09.442060,0.3,917470052352,92511928320,824958124032
2026-01-07T15:32:09.453148,0.3,917470052352,92511928320,824958124032
2026-01-07T15:32:09.464231,0.3,917470052352,92511928320,824958124032
2026-01-07T15:32:09.475409,0.3,917470052352,92511928320,824958124032
2026-01-07T15:32:09.486548,0.3,917470052352,92511928320,824958124032
2026-01-07T15:32:09.497601,0.3,917470052352,92511928320,824958124032
2026-01-07T15:32:09.508723,0.3,917470052352,92511928320,824958124032
2026-01-07T15:32:09.519977,0.9,917470052352,92511928320,824958124032
2026-01-07T15:32:09.531168,0.3,917470052352,92511928320,824958124032
2026-01-07T15:32:09.542264,0.3,917470052352,92511928320,824958124032
2026-01-07T15:32:09.553328,0.6,917470052352,92511928320,824958124032
2026-01-07T15:32:09.564523,0.3,917470052352,92511928320,824958124032
2026-01-07T15:32:09.575623,0.3,917470052352,92511928320,824958124032
2026-01-07T15:32:09.586718,0.3,917470052352,92511928320,824958124032
2026-01-07T15:32:09.597787,0.3,917470052352,92511928320,824958124032
2026-01-07T15:32:09.609010,0.6,917470052352,92511928320,824958124032
2026-01-07T15:32:09.620099,0.9,917470052352,92511928320,824958124032
2026-01-07T15:32:09.631169,0.3,917470052352,92511535104,824958517248
2026-01-07T15:32:09.642230,0.3,917470052352,92511535104,824958517248
2026-01-07T15:32:09.653439,0.3,917470052352,92511535104,824958517248
2026-01-07T15:32:09.664570,0.3,917470052352,92510945280,824959107072
2026-01-07T15:32:09.675621,0.3,917470052352,92512124928,824957927424
2026-01-07T15:32:09.686664,0.6,917470052352,92512124928,824957927424
2026-01-07T15:32:09.697798,0.3,917470052352,92512124928,824957927424
2026-01-07T15:32:18.740957,0.0,917470052352,90775552000,826694500352
2026-01-07T15:32:18.752458,0.3,917470052352,90775552000,826694500352
2026-01-07T15:32:18.763626,0.3,917470052352,91864825856,825605226496
2026-01-07T15:32:18.774835,0.3,917470052352,91864825856,825605226496
2026-01-07T15:32:18.785960,0.3,917470052352,91864825856,825605226496
2026-01-07T15:32:18.797114,0.3,917470052352,91864825856,825605226496
2026-01-07T15:32:18.808212,0.3,917470052352,91864825856,825605226496
2026-01-07T15:32:18.819376,0.9,917470052352,91864825856,825605226496
2026-01-07T15:32:18.830468,0.3,917470052352,91864825856,825605226496
2026-01-07T15:32:18.841534,0.3,917470052352,91864825856,825605226496
2026-01-07T15:32:18.852612,0.3,917470052352,91873083392,825596968960
2026-01-07T15:32:18.863644,0.3,917470052352,91889598464,825580453888
2026-01-07T15:32:18.874725,0.3,917470052352,91906113536,825563938816
2026-01-07T15:32:18.885796,0.3,917470052352,91930886144,825539166208
2026-01-07T15:32:18.896846,0.3,917470052352,91947401216,825522651136
2026-01-07T15:32:18.907968,0.3,917470052352,91963916288,825506136064
2026-01-07T15:32:18.919151,0.6,917470052352,91988688896,825481363456
2026-01-07T15:32:18.930367,0.3,917470052352,92038234112,825431818240
2026-01-07T15:32:18.941538,0.3,917470052352,92087779328,825382273024
2026-01-07T15:32:18.952698,0.3,917470052352,92137324544,825332727808
2026-01-07T15:32:18.963875,0.9,917470052352,92186411008,825283641344
2026-01-07T15:32:18.975058,0.3,917470052352,92211183616,825258868736
2026-01-07T15:32:18.986807,0.3,917470052352,91493498880,825976553472
2026-01-07T15:32:18.998470,0.3,917470052352,91493498880,825976553472
2026-01-07T15:32:22.346583,0.4,917470052352,91703345152,825766707200
2026-01-07T15:32:22.358186,0.3,917470052352,91703345152,825766707200
2026-01-07T15:32:22.369377,0.9,917470052352,91703345152,825766707200
2026-01-07T15:32:22.380473,0.3,917470052352,91703345152,825766707200
2026-01-07T15:32:22.391566,0.3,917470052352,91703345152,825766707200
2026-01-07T15:32:22.402674,0.3,917470052352,91702558720,825767493632
2026-01-07T15:32:22.413725,0.3,917470052352,91702558720,825767493632
2026-01-07T15:32:22.424814,0.3,917470052352,91701968896,825768083456
2026-01-07T15:32:22.435830,0.3,917470052352,91701968896,825768083456
2026-01-07T15:32:22.446919,0.3,917470052352,91701968896,825768083456
2026-01-07T15:32:22.458017,0.3,917470052352,91701968896,825768083456
2026-01-07T15:32:22.469078,0.6,917470052352,91701968896,825768083456
2026-01-07T15:32:22.480173,0.6,917470052352,91701968896,825768083456
2026-01-07T15:32:22.491260,0.3,917470052352,91701968896,825768083456
2026-01-07T15:32:22.502300,0.3,917470052352,91701968896,825768083456
2026-01-07T15:32:22.513394,0.3,917470052352,91701968896,825768083456
2026-01-07T15:32:22.524414,0.3,917470052352,91701968896,825768083456
2026-01-07T15:32:22.535483,0.3,917470052352,91701968896,825768083456
2026-01-07T15:32:22.546555,0.3,917470052352,91701968896,825768083456
2026-01-07T15:32:22.557580,0.3,917470052352,91701968896,825768083456
2026-01-07T15:32:22.568640,0.3,917470052352,91701968896,825768083456
2026-01-07T15:32:22.579692,0.6,917470052352,91701968896,825768083456
2026-01-07T15:32:22.590772,0.3,917470052352,91701968896,825768083456
2026-01-07T15:32:22.601816,0.3,917470052352,91701968896,825768083456
2026-01-07T15:32:22.612828,0.3,917470052352,91701968896,825768083456
2026-01-07T15:32:22.623911,0.3,917470052352,91701968896,825768083456
2026-01-07T15:32:22.634994,0.3,917470052352,91701968896,825768083456
2026-01-07T15:32:22.646025,0.3,917470052352,91701968896,825768083456
2026-01-07T15:32:22.657075,0.0,917470052352,91701968896,825768083456
2026-01-07T15:32:22.668082,0.3,917470052352,91701182464,825768869888
2026-01-07T15:32:22.679206,0.6,917470052352,91700789248,825769263104
2026-01-07T15:32:22.694810,0.2,917470052352,91700789248,825769263104
2026-01-07T15:32:22.705852,0.3,917470052352,91717369856,825752682496
2026-01-07T15:32:22.716964,0.3,917470052352,91725758464,825744293888
2026-01-07T15:32:22.728118,0.3,917470052352,91742339072,825727713280
2026-01-07T15:32:22.739415,0.9,917470052352,91742339072,825727713280
2026-01-07T15:32:22.750574,0.3,917470052352,91742339072,825727713280
2026-01-07T15:32:22.761753,0.3,917470052352,91742339072,825727713280
2026-01-07T15:32:22.772945,0.3,917470052352,91758985216,825711067136
2026-01-07T15:32:22.784022,0.3,917470052352,91767242752,825702809600
2026-01-07T15:32:22.795111,0.3,917470052352,91783888896,825686163456
2026-01-07T15:32:22.806216,0.3,917470052352,91792277504,825677774848
2026-01-07T15:32:22.817330,0.3,917470052352,91917582336,825552470016
2026-01-07T15:32:22.828402,0.3,917470052352,92362047488,825108004864
2026-01-07T15:32:22.839806,0.9,917470052352,92362047488,825108004864
2026-01-07T15:32:22.850929,0.3,917470052352,92363423744,825106628608
2026-01-07T15:32:31.575664,0.0,917470052352,90770571264,826699481088
2026-01-07T15:32:31.587255,0.6,917470052352,90770571264,826699481088
2026-01-07T15:32:31.598418,0.3,917470052352,90778828800,826691223552
2026-01-07T15:32:31.609534,0.9,917470052352,90795343872,826674708480
2026-01-07T15:32:31.620671,0.3,917470052352,90820116480,826649935872
2026-01-07T15:32:31.631773,0.3,917470052352,90836631552,826633420800
2026-01-07T15:32:31.642930,0.6,917470052352,90853146624,826616905728
2026-01-07T15:32:31.654037,0.3,917470052352,90877919232,826592133120
2026-01-07T15:32:31.665099,0.3,917470052352,90894434304,826575618048
2026-01-07T15:32:31.676226,0.3,917470052352,90910949376,826559102976
2026-01-07T15:32:31.687358,0.3,917470052352,92006318080,825463734272
2026-01-07T15:32:31.698443,0.3,917470052352,92006318080,825463734272
2026-01-07T15:32:31.709527,1.2,917470052352,92006318080,825463734272
2026-01-07T15:32:31.720595,0.3,917470052352,92014575616,825455476736
2026-01-07T15:32:31.731693,0.3,917470052352,92032270336,825437782016
2026-01-07T15:32:31.742759,0.3,917470052352,92047998976,825422053376
2026-01-07T15:32:31.753867,0.3,917470052352,92055666688,825414385664
2026-01-07T15:32:31.765106,0.3,917470052352,92105211904,825364840448
2026-01-07T15:32:31.776333,0.3,917470052352,92154757120,825315295232
2026-01-07T15:32:31.787521,0.3,917470052352,92212559872,825257492480
2026-01-07T15:32:31.798602,0.3,917470052352,92253847552,825216204800
2026-01-07T15:32:31.809855,0.6,917470052352,92303392768,825166659584
2026-01-07T15:32:31.821328,0.3,917470052352,91576467456,825893584896
2026-01-07T15:32:31.832665,0.3,917470052352,91576467456,825893584896
2026-01-07T15:32:35.084382,0.4,917470052352,91772878848,825697173504
2026-01-07T15:32:35.095853,0.3,917470052352,91772878848,825697173504
2026-01-07T15:32:35.106974,0.6,917470052352,91772878848,825697173504
2026-01-07T15:32:35.118054,0.6,917470052352,91772878848,825697173504
2026-01-07T15:32:35.129189,1.5,917470052352,91772878848,825697173504
2026-01-07T15:32:35.140252,0.3,917470052352,91772878848,825697173504
2026-01-07T15:32:35.151274,0.3,917470052352,91772878848,825697173504
2026-01-07T15:32:35.162323,0.3,917470052352,91772878848,825697173504
2026-01-07T15:32:35.173376,0.3,917470052352,91772878848,825697173504
2026-01-07T15:32:35.184468,0.3,917470052352,91772878848,825697173504
2026-01-07T15:32:35.195524,0.3,917470052352,91772878848,825697173504
2026-01-07T15:32:35.206551,0.3,917470052352,91772878848,825697173504
2026-01-07T15:32:35.217626,0.3,917470052352,91772878848,825697173504
2026-01-07T15:32:35.228627,0.3,917470052352,91772878848,825697173504
2026-01-07T15:32:35.239681,0.6,917470052352,91771895808,825698156544
2026-01-07T15:32:35.250741,0.3,917470052352,91771305984,825698746368
2026-01-07T15:32:35.261785,0.3,917470052352,91771305984,825698746368
2026-01-07T15:32:35.272801,0.3,917470052352,91771305984,825698746368
2026-01-07T15:32:35.283819,0.3,917470052352,91771305984,825698746368
2026-01-07T15:32:35.294843,0.3,917470052352,91771305984,825698746368
2026-01-07T15:32:35.305903,0.3,917470052352,91771305984,825698746368
2026-01-07T15:32:35.316937,0.3,917470052352,91771305984,825698746368
2026-01-07T15:32:35.327991,0.3,917470052352,91771305984,825698746368
2026-01-07T15:32:35.339064,0.6,917470052352,91771305984,825698746368
2026-01-07T15:32:35.350045,0.3,917470052352,91771305984,825698746368
2026-01-07T15:32:35.361067,0.0,917470052352,91771305984,825698746368
2026-01-07T15:32:35.372126,0.3,917470052352,91771305984,825698746368
2026-01-07T15:32:35.401247,0.4,917470052352,91771305984,825698746368
2026-01-07T15:32:35.412275,0.5,917470052352,91771305984,825698746368
2026-01-07T15:32:35.423316,0.3,917470052352,91804598272,825665454080
2026-01-07T15:32:35.434393,0.3,917470052352,91829305344,825640747008
2026-01-07T15:32:35.445484,0.3,917470052352,91847131136,825622921216
2026-01-07T15:32:35.456550,0.3,917470052352,91847131136,825622921216
2026-01-07T15:32:35.467626,0.6,917470052352,91847131136,825622921216
2026-01-07T15:32:35.478693,0.3,917470052352,91855388672,825614663680
2026-01-07T15:32:35.489797,1.2,917470052352,91872034816,825598017536
2026-01-07T15:32:35.500821,0.3,917470052352,91880423424,825589628928
2026-01-07T15:32:35.511907,0.3,917470052352,91900805120,825569247232
2026-01-07T15:32:35.522940,0.3,917470052352,91936849920,825533202432
2026-01-07T15:32:35.533982,0.3,917470052352,92456419328,825013633024
2026-01-07T15:32:35.545050,0.3,917470052352,92464676864,825005375488
2026-01-07T15:32:35.556100,0.6,917470052352,92464676864,825005375488
2026-01-07T15:32:35.567130,0.3,917470052352,92464676864,825005375488
2026-01-07T15:32:35.578136,0.3,917470052352,92464676864,825005375488
2026-01-07T15:32:35.589399,1.8,917470052352,92464676864,825005375488
2026-01-07T15:32:35.601032,0.3,917470052352,92472934400,824997117952
2026-01-07T15:32:35.612079,0.6,917470052352,92472934400,824997117952
2026-01-07T15:32:35.623276,0.6,917470052352,92472934400,824997117952
2026-01-07T15:32:35.634407,0.3,917470052352,92472934400,824997117952
2026-01-07T15:32:35.645484,0.6,917470052352,92472934400,824997117952
2026-01-07T15:32:35.656648,0.6,917470052352,92472934400,824997117952
2026-01-07T15:32:35.667742,0.3,917470052352,92472934400,824997117952
2026-01-07T15:32:35.678863,0.3,917470052352,92472934400,824997117952
2026-01-07T15:32:35.690031,1.5,917470052352,92472934400,824997117952
2026-01-07T15:32:35.701173,0.3,917470052352,92471951360,824998100992
2026-01-07T15:32:35.712295,0.9,917470052352,92471951360,824998100992
2026-01-07T15:32:35.723465,0.3,917470052352,92471951360,824998100992
2026-01-07T15:32:35.734660,0.3,917470052352,92471951360,824998100992
2026-01-07T15:32:35.745722,0.6,917470052352,92471951360,824998100992
2026-01-07T15:32:35.756833,0.6,917470052352,92471951360,824998100992
2026-01-07T15:32:35.767898,0.3,917470052352,92471951360,824998100992
2026-01-07T15:32:35.779036,1.6,917470052352,92473131008,824996921344
2026-01-07T15:32:35.790205,0.3,917470052352,92472541184,824997511168
2026-01-07T15:32:35.801280,0.3,917470052352,92472541184,824997511168
2026-01-07T15:32:35.812460,0.6,917470052352,92472541184,824997511168
2026-01-07T15:32:35.823611,0.3,917470052352,92472541184,824997511168
2026-01-07T15:32:35.834685,0.3,917470052352,92472541184,824997511168
2026-01-07T15:32:35.845909,0.6,917470052352,92472541184,824997511168
2026-01-07T15:32:45.498465,0.0,917470052352,90795081728,826674970624
2026-01-07T15:32:45.509981,0.9,917470052352,90795081728,826674970624
2026-01-07T15:32:45.521166,0.3,917470052352,91881996288,825588056064
2026-01-07T15:32:45.532287,0.3,917470052352,91881996288,825588056064
2026-01-07T15:32:45.543466,0.3,917470052352,91881996288,825588056064
2026-01-07T15:32:45.554541,0.3,917470052352,91890253824,825579798528
2026-01-07T15:32:45.565668,0.3,917470052352,91906768896,825563283456
2026-01-07T15:32:45.576789,0.3,917470052352,91931541504,825538510848
2026-01-07T15:32:45.587904,0.6,917470052352,91948056576,825521995776
2026-01-07T15:32:45.599000,1.5,917470052352,91964571648,825505480704
2026-01-07T15:32:45.610088,0.6,917470052352,91989344256,825480708096
2026-01-07T15:32:45.621290,0.6,917470052352,92005859328,825464193024
2026-01-07T15:32:45.632471,0.3,917470052352,92022374400,825447677952
2026-01-07T15:32:45.643567,0.6,917470052352,92038889472,825431162880
2026-01-07T15:32:45.654674,0.3,917470052352,92063662080,825406390272
2026-01-07T15:32:45.665764,0.3,917470052352,92080177152,825389875200
2026-01-07T15:32:45.683645,0.4,917470052352,92080766976,825389285376
2026-01-07T15:32:45.694925,0.3,917470052352,92122054656,825347997696
2026-01-07T15:32:45.706106,0.3,917470052352,92170616832,825299435520
2026-01-07T15:32:45.717231,0.6,917470052352,92228419584,825241632768
2026-01-07T15:32:45.728340,0.3,917470052352,92269510656,825200541696
2026-01-07T15:32:45.739614,0.9,917470052352,92302540800,825167511552
2026-01-07T15:32:45.751742,0.3,917470052352,92112617472,825357434880
2026-01-07T15:32:45.763192,0.3,917470052352,92112617472,825357434880
2026-01-07T15:32:49.259197,0.4,917470052352,92303982592,825166069760
2026-01-07T15:32:49.270736,0.3,917470052352,92303982592,825166069760
2026-01-07T15:32:49.281876,0.3,917470052352,92303982592,825166069760
2026-01-07T15:32:49.292886,0.3,917470052352,92303982592,825166069760
2026-01-07T15:32:49.303960,0.3,917470052352,92303982592,825166069760
2026-01-07T15:32:49.314972,0.3,917470052352,92304179200,825165873152
2026-01-07T15:32:49.325974,0.6,917470052352,92304179200,825165873152
2026-01-07T15:32:49.337010,0.3,917470052352,92304179200,825165873152
2026-01-07T15:32:49.347973,0.3,917470052352,92304179200,825165873152
2026-01-07T15:32:49.358970,0.6,917470052352,92304179200,825165873152
2026-01-07T15:32:49.369931,0.3,917470052352,92304179200,825165873152
2026-01-07T15:32:49.380970,0.3,917470052352,92304179200,825165873152
2026-01-07T15:32:49.392022,0.3,917470052352,92304179200,825165873152
2026-01-07T15:32:49.403034,0.3,917470052352,92304179200,825165873152
2026-01-07T15:32:49.414076,0.3,917470052352,92304179200,825165873152
2026-01-07T15:32:49.425127,0.3,917470052352,92304179200,825165873152
2026-01-07T15:32:49.436200,0.3,917470052352,92312436736,825157615616
2026-01-07T15:32:49.447244,0.3,917470052352,92312436736,825157615616
2026-01-07T15:32:49.458267,0.3,917470052352,92312436736,825157615616
2026-01-07T15:32:49.469319,0.9,917470052352,92312436736,825157615616
2026-01-07T15:32:49.480343,0.3,917470052352,92312436736,825157615616
2026-01-07T15:32:49.491382,0.3,917470052352,92312436736,825157615616
2026-01-07T15:32:49.502448,0.3,917470052352,92312436736,825157615616
2026-01-07T15:32:49.513499,0.3,917470052352,92312436736,825157615616
2026-01-07T15:32:49.524535,0.3,917470052352,92312436736,825157615616
2026-01-07T15:32:49.535562,0.3,917470052352,92312436736,825157615616
2026-01-07T15:32:49.546542,0.6,917470052352,92312436736,825157615616
2026-01-07T15:32:49.557539,0.3,917470052352,92312436736,825157615616
2026-01-07T15:32:49.568594,0.9,917470052352,92312436736,825157615616
2026-01-07T15:32:49.579694,1.2,917470052352,92312436736,825157615616
2026-01-07T15:32:49.590748,0.0,917470052352,92312436736,825157615616
2026-01-07T15:32:49.601781,0.6,917470052352,92312436736,825157615616
2026-01-07T15:32:49.623471,0.3,917470052352,92312240128,825157812224
2026-01-07T15:32:49.634561,0.3,917470052352,92320628736,825149423616
2026-01-07T15:32:49.645650,0.3,917470052352,92354510848,825115541504
2026-01-07T15:32:49.656737,0.3,917470052352,92379611136,825090441216
2026-01-07T15:32:49.667785,0.3,917470052352,92388196352,825081856000
2026-01-07T15:32:49.678823,0.3,917470052352,92388196352,825081856000
2026-01-07T15:32:49.689826,0.9,917470052352,92388196352,825081856000
2026-01-07T15:32:49.700895,0.3,917470052352,92405235712,825064816640
2026-01-07T15:32:49.711965,0.3,917470052352,92413493248,825056559104
2026-01-07T15:32:49.722990,0.3,917470052352,92430336000,825039716352
2026-01-07T15:32:49.734053,0.3,917470052352,92447178752,825022873600
2026-01-07T15:32:49.745095,0.3,917470052352,92488728576,824981323776
2026-01-07T15:32:49.756176,0.3,917470052352,93008691200,824461361152
2026-01-07T15:32:49.767221,0.6,917470052352,93008887808,824461164544
2026-01-07T15:32:58.679963,0.0,917470052352,90766835712,826703216640
2026-01-07T15:32:58.691414,0.3,917470052352,90760347648,826709704704
2026-01-07T15:32:58.702580,0.3,917470052352,90769784832,826700267520
2026-01-07T15:32:58.713728,0.3,917470052352,90794557440,826675494912
2026-01-07T15:32:58.724840,0.3,917470052352,90811072512,826658979840
2026-01-07T15:32:58.735937,0.3,917470052352,90827587584,826642464768
2026-01-07T15:32:58.747041,0.3,917470052352,90844102656,826625949696
2026-01-07T15:32:58.758153,0.3,917470052352,90868875264,826601177088
2026-01-07T15:32:58.769250,0.9,917470052352,90886569984,826583482368
2026-01-07T15:32:58.780305,0.3,917470052352,90903085056,826566967296
2026-01-07T15:32:58.791368,0.3,917470052352,90919600128,826550452224
2026-01-07T15:32:58.802443,0.3,917470052352,90944372736,826525679616
2026-01-07T15:32:58.813515,0.3,917470052352,90960101376,826509950976
2026-01-07T15:32:58.824597,0.3,917470052352,90976616448,826493435904
2026-01-07T15:32:58.835673,0.3,917470052352,90993131520,826476920832
2026-01-07T15:32:58.846847,0.3,917470052352,91009646592,826460405760
2026-01-07T15:32:58.861689,0.5,917470052352,92095774720,825374277632
2026-01-07T15:32:58.873003,0.3,917470052352,92095774720,825374277632
2026-01-07T15:32:58.884152,0.3,917470052352,92135489536,825334562816
2026-01-07T15:32:58.895268,0.3,917470052352,92185034752,825285017600
2026-01-07T15:32:58.906525,0.3,917470052352,92234579968,825235472384
2026-01-07T15:32:58.918648,0.3,917470052352,92259352576,825210699776
2026-01-07T15:32:58.930758,0.8,917470052352,91634139136,825835913216
2026-01-07T15:32:58.941872,0.3,917470052352,91634139136,825835913216
2026-01-07T15:33:02.355716,0.4,917470052352,91817246720,825652805632
2026-01-07T15:33:02.366996,0.3,917470052352,91817246720,825652805632
2026-01-07T15:33:02.378123,0.3,917470052352,91817246720,825652805632
2026-01-07T15:33:02.389228,1.5,917470052352,91815870464,825654181888
2026-01-07T15:33:02.400337,0.6,917470052352,91817050112,825653002240
2026-01-07T15:33:02.411446,0.3,917470052352,91817050112,825653002240
2026-01-07T15:33:02.422520,0.3,917470052352,91817050112,825653002240
2026-01-07T15:33:02.433555,0.3,917470052352,91817050112,825653002240
2026-01-07T15:33:02.444572,0.3,917470052352,91817050112,825653002240
2026-01-07T15:33:02.455599,0.3,917470052352,91817050112,825653002240
2026-01-07T15:33:02.466632,0.3,917470052352,91817050112,825653002240
2026-01-07T15:33:02.477697,0.3,917470052352,91817050112,825653002240
2026-01-07T15:33:02.488762,0.3,917470052352,91817050112,825653002240
2026-01-07T15:33:02.499806,0.9,917470052352,91817050112,825653002240
2026-01-07T15:33:02.510886,0.3,917470052352,91817050112,825653002240
2026-01-07T15:33:02.521874,0.3,917470052352,91817050112,825653002240
2026-01-07T15:33:02.532889,0.3,917470052352,91817050112,825653002240
2026-01-07T15:33:02.543866,0.3,917470052352,91817050112,825653002240
2026-01-07T15:33:02.554923,0.3,917470052352,91817050112,825653002240
2026-01-07T15:33:02.565943,0.3,917470052352,91817050112,825653002240
2026-01-07T15:33:02.576968,0.3,917470052352,91817050112,825653002240
2026-01-07T15:33:02.588004,0.3,917470052352,91817050112,825653002240
2026-01-07T15:33:02.599063,0.6,917470052352,91817050112,825653002240
2026-01-07T15:33:02.610095,0.3,917470052352,91817050112,825653002240
2026-01-07T15:33:02.621140,0.3,917470052352,91817050112,825653002240
2026-01-07T15:33:02.632137,0.3,917470052352,91817050112,825653002240
2026-01-07T15:33:02.643142,0.0,917470052352,91817050112,825653002240
2026-01-07T15:33:02.654183,0.0,917470052352,91817050112,825653002240
2026-01-07T15:33:02.665193,0.3,917470052352,91817050112,825653002240
2026-01-07T15:33:02.676252,0.3,917470052352,91817050112,825653002240
2026-01-07T15:33:02.694291,0.2,917470052352,91817050112,825653002240
2026-01-07T15:33:02.705371,0.3,917470052352,91825438720,825644613632
2026-01-07T15:33:02.716483,0.3,917470052352,91842609152,825627443200
2026-01-07T15:33:02.727535,0.3,917470052352,91859451904,825610600448
2026-01-07T15:33:02.738606,0.3,917470052352,91859451904,825610600448
2026-01-07T15:33:02.749656,0.9,917470052352,91859451904,825610600448
2026-01-07T15:33:02.760705,0.3,917470052352,91859451904,825610600448
2026-01-07T15:33:02.771748,0.3,917470052352,91876294656,825593757696
2026-01-07T15:33:02.782773,0.3,917470052352,91885076480,825584975872
2026-01-07T15:33:02.793833,0.3,917470052352,91893334016,825576718336
2026-01-07T15:33:02.804898,0.3,917470052352,91910176768,825559875584
2026-01-07T15:33:02.815900,0.3,917470052352,91952054272,825517998080
2026-01-07T15:33:02.826949,0.3,917470052352,92471885824,824998166528
2026-01-07T15:33:02.838040,0.3,917470052352,92480339968,824989712384
2026-01-07T15:33:02.849103,1.6,917470052352,92481126400,824988925952
2026-01-07T15:33:02.860327,0.3,917470052352,92480733184,824989319168
2026-01-07T15:33:02.871521,1.2,917470052352,92490170368,824979881984
2026-01-07T15:33:02.882589,0.3,917470052352,92489383936,824980668416
2026-01-07T15:33:02.893816,1.2,917470052352,92489383936,824980668416
2026-01-07T15:33:02.905541,0.3,917470052352,92497641472,824972410880
2026-01-07T15:33:02.916608,0.3,917470052352,92497641472,824972410880
2026-01-07T15:33:02.927812,1.2,917470052352,92497641472,824972410880
2026-01-07T15:33:02.938974,1.5,917470052352,92497641472,824972410880
2026-01-07T15:33:02.950136,0.3,917470052352,92497641472,824972410880
2026-01-07T15:33:02.961297,0.3,917470052352,92497641472,824972410880
2026-01-07T15:33:02.972487,1.3,917470052352,92497641472,824972410880
2026-01-07T15:33:02.983530,0.3,917470052352,92497641472,824972410880
2026-01-07T15:33:02.994738,1.3,917470052352,92497641472,824972410880
2026-01-07T15:33:03.006392,0.3,917470052352,92497641472,824972410880
2026-01-07T15:33:03.017510,0.3,917470052352,92497641472,824972410880
2026-01-07T15:33:03.028751,1.2,917470052352,92497641472,824972410880
2026-01-07T15:33:03.039917,1.8,917470052352,92497641472,824972410880
2026-01-07T15:33:03.051134,0.3,917470052352,92497641472,824972410880
2026-01-07T15:33:03.062333,0.3,917470052352,92497641472,824972410880
2026-01-07T15:33:12.836977,0.0,917470052352,90758774784,826711277568
2026-01-07T15:33:12.848568,0.3,917470052352,90760151040,826709901312
2026-01-07T15:33:12.859742,0.6,917470052352,91846279168,825623773184
2026-01-07T15:33:12.870861,0.3,917470052352,91846279168,825623773184
2026-01-07T15:33:12.881948,0.3,917470052352,91846279168,825623773184
2026-01-07T15:33:12.893067,0.3,917470052352,91846279168,825623773184
2026-01-07T15:33:12.904138,0.3,917470052352,91846279168,825623773184
2026-01-07T15:33:12.915288,0.6,917470052352,91862990848,825607061504
2026-01-07T15:33:12.926390,0.6,917470052352,91879505920,825590546432
2026-01-07T15:33:12.937537,0.6,917470052352,91896020992,825574031360
2026-01-07T15:33:12.948840,0.6,917470052352,91920793600,825549258752
2026-01-07T15:33:12.959878,1.6,917470052352,91937308672,825532743680
2026-01-07T15:33:12.970982,0.6,917470052352,91953823744,825516228608
2026-01-07T15:33:12.982043,0.3,917470052352,91970338816,825499713536
2026-01-07T15:33:12.993180,0.3,917470052352,91995111424,825474940928
2026-01-07T15:33:13.004258,0.3,917470052352,92011626496,825458425856
2026-01-07T15:33:13.015697,0.3,917470052352,92019884032,825450168320
2026-01-07T15:33:13.026949,0.3,917470052352,92069429248,825400623104
2026-01-07T15:33:13.038124,0.3,917470052352,92127232000,825342820352
2026-01-07T15:33:13.049364,0.9,917470052352,92176777216,825293275136
2026-01-07T15:33:13.060524,0.3,917470052352,92226322432,825243729920
2026-01-07T15:33:13.071755,0.3,917470052352,92259352576,825210699776
2026-01-07T15:33:13.082916,0.3,917470052352,91534655488,825935396864
2026-01-07T15:33:13.094006,0.3,917470052352,91534655488,825935396864
2026-01-07T15:33:16.301916,0.4,917470052352,91719008256,825751044096
2026-01-07T15:33:16.313489,0.6,917470052352,91719008256,825751044096
2026-01-07T15:33:16.324585,0.3,917470052352,91719008256,825751044096
2026-01-07T15:33:16.335678,0.3,917470052352,91719008256,825751044096
2026-01-07T15:33:16.346697,0.3,917470052352,91718025216,825752027136
2026-01-07T15:33:16.357768,0.3,917470052352,91717632000,825752420352
2026-01-07T15:33:16.368824,0.3,917470052352,91717632000,825752420352
2026-01-07T15:33:16.379897,0.9,917470052352,91717632000,825752420352
2026-01-07T15:33:16.390928,0.3,917470052352,91717632000,825752420352
2026-01-07T15:33:16.401928,0.3,917470052352,91717632000,825752420352
2026-01-07T15:33:16.412985,0.3,917470052352,91717632000,825752420352
2026-01-07T15:33:16.424045,0.3,917470052352,91717632000,825752420352
2026-01-07T15:33:16.435029,0.3,917470052352,91717632000,825752420352
2026-01-07T15:33:16.446052,0.3,917470052352,91717632000,825752420352
2026-01-07T15:33:16.457067,0.3,917470052352,91717632000,825752420352
2026-01-07T15:33:16.468070,0.3,917470052352,91717632000,825752420352
2026-01-07T15:33:16.479116,0.9,917470052352,91717632000,825752420352
2026-01-07T15:33:16.490140,0.3,917470052352,91717632000,825752420352
2026-01-07T15:33:16.501113,0.3,917470052352,91717632000,825752420352
2026-01-07T15:33:16.512073,0.3,917470052352,91717632000,825752420352
2026-01-07T15:33:16.523053,0.3,917470052352,91717632000,825752420352
2026-01-07T15:33:16.534127,0.3,917470052352,91717632000,825752420352
2026-01-07T15:33:16.545183,0.3,917470052352,91717632000,825752420352
2026-01-07T15:33:16.556215,0.3,917470052352,91717632000,825752420352
2026-01-07T15:33:16.567265,0.3,917470052352,91717632000,825752420352
2026-01-07T15:33:16.578307,0.0,917470052352,91717632000,825752420352
2026-01-07T15:33:16.589378,0.3,917470052352,91717632000,825752420352
2026-01-07T15:33:16.618317,0.5,917470052352,91717632000,825752420352
2026-01-07T15:33:16.629412,0.3,917470052352,91717632000,825752420352
2026-01-07T15:33:16.640450,0.3,917470052352,91734409216,825735643136
2026-01-07T15:33:16.651476,0.3,917470052352,91742797824,825727254528
2026-01-07T15:33:16.662509,0.3,917470052352,91759443968,825710608384
2026-01-07T15:33:16.673533,0.3,917470052352,91759443968,825710608384
2026-01-07T15:33:16.684580,0.3,917470052352,91759443968,825710608384
2026-01-07T15:33:16.695588,0.3,917470052352,91767701504,825702350848
2026-01-07T15:33:16.706662,0.3,917470052352,91784347648,825685704704
2026-01-07T15:33:16.717730,0.3,917470052352,91800993792,825669058560
2026-01-07T15:33:16.728787,0.3,917470052352,91817639936,825652412416
2026-01-07T15:33:16.739888,0.9,917470052352,91850932224,825619120128
2026-01-07T15:33:16.750957,0.3,917470052352,92370894848,825099157504
2026-01-07T15:33:16.762046,1.2,917470052352,92370894848,825099157504
2026-01-07T15:33:25.994319,0.0,917470052352,90754646016,826715406336
2026-01-07T15:33:26.005904,0.3,917470052352,90754646016,826715406336
2026-01-07T15:33:26.017151,0.3,917470052352,91842740224,825627312128
2026-01-07T15:33:26.028296,0.3,917470052352,91842740224,825627312128
2026-01-07T15:33:26.039452,0.6,917470052352,91842740224,825627312128
2026-01-07T15:33:26.050564,0.3,917470052352,91842740224,825627312128
2026-01-07T15:33:26.061586,0.3,917470052352,91842740224,825627312128
2026-01-07T15:33:26.072719,0.3,917470052352,91859255296,825610797056
2026-01-07T15:33:26.083777,0.3,917470052352,91875770368,825594281984
2026-01-07T15:33:26.094850,0.3,917470052352,91892285440,825577766912
2026-01-07T15:33:26.105933,0.3,917470052352,91908800512,825561251840
2026-01-07T15:33:26.117016,0.3,917470052352,91933573120,825536479232
2026-01-07T15:33:26.128084,0.6,917470052352,91950088192,825519964160
2026-01-07T15:33:26.139154,0.9,917470052352,91966603264,825503449088
2026-01-07T15:33:26.150244,0.3,917470052352,91983118336,825486934016
2026-01-07T15:33:26.161319,0.3,917470052352,92007890944,825462161408
2026-01-07T15:33:26.172652,0.3,917470052352,92016148480,825453903872
2026-01-07T15:33:26.183801,0.3,917470052352,92065693696,825404358656
2026-01-07T15:33:26.194939,0.3,917470052352,92115238912,825354813440
2026-01-07T15:33:26.206079,0.3,917470052352,92164784128,825305268224
2026-01-07T15:33:26.217334,0.3,917470052352,92214329344,825255723008
2026-01-07T15:33:26.228479,0.3,917470052352,92255617024,825214435328
2026-01-07T15:33:26.239596,3.1,917470052352,91531116544,825938935808
2026-01-07T15:33:26.250689,0.3,917470052352,91531116544,825938935808
2026-01-07T15:33:29.728244,0.4,917470052352,91731656704,825738395648
2026-01-07T15:33:29.739551,1.2,917470052352,91731656704,825738395648
2026-01-07T15:33:29.750622,0.3,917470052352,91731656704,825738395648
2026-01-07T15:33:29.761665,0.3,917470052352,91731656704,825738395648
2026-01-07T15:33:29.772725,0.3,917470052352,91731656704,825738395648
2026-01-07T15:33:29.783817,0.3,917470052352,91739914240,825730138112
2026-01-07T15:33:29.794844,0.3,917470052352,91739914240,825730138112
2026-01-07T15:33:29.805885,0.3,917470052352,91739914240,825730138112
2026-01-07T15:33:29.816930,0.6,917470052352,91739914240,825730138112
2026-01-07T15:33:29.827921,0.6,917470052352,91739914240,825730138112
2026-01-07T15:33:29.838976,0.9,917470052352,91739914240,825730138112
2026-01-07T15:33:29.850055,0.3,917470052352,91739914240,825730138112
2026-01-07T15:33:29.861066,0.3,917470052352,91739914240,825730138112
2026-01-07T15:33:29.872033,0.3,917470052352,91739914240,825730138112
2026-01-07T15:33:29.883038,0.3,917470052352,91739914240,825730138112
2026-01-07T15:33:29.894051,0.3,917470052352,91739914240,825730138112
2026-01-07T15:33:29.905068,0.3,917470052352,91739914240,825730138112
2026-01-07T15:33:29.916105,0.3,917470052352,91739914240,825730138112
2026-01-07T15:33:29.927122,0.3,917470052352,91739914240,825730138112
2026-01-07T15:33:29.938140,0.3,917470052352,91739914240,825730138112
2026-01-07T15:33:29.949204,0.9,917470052352,91739914240,825730138112
2026-01-07T15:33:29.960226,0.3,917470052352,91739914240,825730138112
2026-01-07T15:33:29.971231,0.6,917470052352,91739914240,825730138112
2026-01-07T15:33:29.982262,0.6,917470052352,91739914240,825730138112
2026-01-07T15:33:29.993230,0.3,917470052352,91739914240,825730138112
2026-01-07T15:33:30.004247,0.3,917470052352,91739914240,825730138112
2026-01-07T15:33:30.015329,0.3,917470052352,91739914240,825730138112
2026-01-07T15:33:30.026381,0.6,917470052352,91739914240,825730138112
2026-01-07T15:33:30.037410,0.6,917470052352,91739914240,825730138112
2026-01-07T15:33:30.048462,0.3,917470052352,91739914240,825730138112
2026-01-07T15:33:30.059547,0.3,917470052352,91739914240,825730138112
2026-01-07T15:33:30.096262,0.3,917470052352,91739914240,825730138112
2026-01-07T15:33:30.107359,0.3,917470052352,91739914240,825730138112
2026-01-07T15:33:30.118454,0.3,917470052352,91773206528,825696845824
2026-01-07T15:33:30.129541,1.2,917470052352,91798110208,825671942144
2026-01-07T15:33:30.140638,0.3,917470052352,91814166528,825655885824
2026-01-07T15:33:30.151685,0.3,917470052352,91815542784,825654509568
2026-01-07T15:33:30.162690,0.3,917470052352,91814756352,825655296000
2026-01-07T15:33:30.173736,0.3,917470052352,91825635328,825644417024
2026-01-07T15:33:30.184806,0.6,917470052352,91835793408,825634258944
2026-01-07T15:33:30.195894,0.3,917470052352,91852439552,825617612800
2026-01-07T15:33:30.206958,0.3,917470052352,91869872128,825600180224
2026-01-07T15:33:30.218039,0.3,917470052352,91897856000,825572196352
2026-01-07T15:33:30.229165,0.9,917470052352,92425289728,825044762624
2026-01-07T15:33:30.240218,2.5,917470052352,92433940480,825036111872
2026-01-07T15:33:30.251288,0.3,917470052352,92434530304,825035522048
2026-01-07T15:33:30.262302,0.3,917470052352,92434530304,825035522048
2026-01-07T15:33:30.273379,0.3,917470052352,92442853376,825027198976
2026-01-07T15:33:30.284475,0.3,917470052352,92442853376,825027198976
2026-01-07T15:33:30.295657,0.3,917470052352,92442853376,825027198976
2026-01-07T15:33:30.306800,0.3,917470052352,92442853376,825027198976
2026-01-07T15:33:30.318061,2.4,917470052352,92442853376,825027198976
2026-01-07T15:33:30.329195,3.0,917470052352,92442853376,825027198976
2026-01-07T15:33:30.340454,0.3,917470052352,92442853376,825027198976
2026-01-07T15:33:30.351732,2.5,917470052352,92442853376,825027198976
2026-01-07T15:33:30.363022,0.3,917470052352,92442853376,825027198976
2026-01-07T15:33:30.374315,0.3,917470052352,92442853376,825027198976
2026-01-07T15:33:30.385497,0.3,917470052352,92442853376,825027198976
2026-01-07T15:33:30.396920,0.3,917470052352,92442853376,825027198976
2026-01-07T15:33:30.407988,0.3,917470052352,92442853376,825027198976
2026-01-07T15:33:30.419164,0.9,917470052352,92442853376,825027198976
2026-01-07T15:33:30.430273,0.3,917470052352,92442853376,825027198976
2026-01-07T15:33:39.767002,0.0,917470052352,90760740864,826709311488
2026-01-07T15:33:39.778471,0.3,917470052352,90760740864,826709311488
2026-01-07T15:33:39.789692,0.9,917470052352,90769784832,826700267520
2026-01-07T15:33:39.801025,0.3,917470052352,90794557440,826675494912
2026-01-07T15:33:39.812208,0.3,917470052352,90811072512,826658979840
2026-01-07T15:33:39.823315,0.3,917470052352,90826997760,826643054592
2026-01-07T15:33:39.834430,0.3,917470052352,90843512832,826626539520
2026-01-07T15:33:39.845564,0.3,917470052352,90868285440,826601766912
2026-01-07T15:33:39.856703,0.3,917470052352,90884800512,826585251840
2026-01-07T15:33:39.867864,0.3,917470052352,90901315584,826568736768
2026-01-07T15:33:39.879023,0.6,917470052352,90917830656,826552221696
2026-01-07T15:33:39.890092,0.3,917470052352,90942603264,826527449088
2026-01-07T15:33:39.901145,0.3,917470052352,90959118336,826510934016
2026-01-07T15:33:39.912271,0.6,917470052352,90975436800,826494615552
2026-01-07T15:33:39.923415,0.3,917470052352,91000209408,826469842944
2026-01-07T15:33:39.934667,0.3,917470052352,91008466944,826461585408
2026-01-07T15:33:39.945874,0.3,917470052352,91049754624,826420297728
2026-01-07T15:33:39.957103,0.3,917470052352,91099299840,826370752512
2026-01-07T15:33:39.968279,0.3,917470052352,91157102592,826312949760
2026-01-07T15:33:39.979498,0.6,917470052352,91198390272,826271662080
2026-01-07T15:33:39.990612,0.3,917470052352,91247935488,826222116864
2026-01-07T15:33:40.002639,0.3,917470052352,91074527232,826395525120
2026-01-07T15:33:40.013860,0.3,917470052352,91074527232,826395525120
2026-01-07T15:33:43.344154,1.0,917470052352,91282866176,826187186176
2026-01-07T15:33:43.356221,0.3,917470052352,91282866176,826187186176
2026-01-07T15:33:43.367605,0.3,917470052352,91282866176,826187186176
2026-01-07T15:33:43.378824,0.3,917470052352,91282866176,826187186176
2026-01-07T15:33:43.390015,0.9,917470052352,91282866176,826187186176
2026-01-07T15:33:43.401146,0.3,917470052352,91282866176,826187186176
2026-01-07T15:33:43.412365,0.3,917470052352,91282866176,826187186176
2026-01-07T15:33:43.423593,0.6,917470052352,91282866176,826187186176
2026-01-07T15:33:43.434731,0.3,917470052352,91282866176,826187186176
2026-01-07T15:33:43.445821,0.3,917470052352,91282866176,826187186176
2026-01-07T15:33:43.456879,0.3,917470052352,91282276352,826187776000
2026-01-07T15:33:43.467930,0.3,917470052352,91281489920,826188562432
2026-01-07T15:33:43.478994,0.9,917470052352,91282866176,826187186176
2026-01-07T15:33:43.489996,0.3,917470052352,91282866176,826187186176
2026-01-07T15:33:43.501017,0.3,917470052352,91283062784,826186989568
2026-01-07T15:33:43.512121,0.6,917470052352,91283062784,826186989568
2026-01-07T15:33:43.523201,0.3,917470052352,91283062784,826186989568
2026-01-07T15:33:43.534258,0.3,917470052352,91283062784,826186989568
2026-01-07T15:33:43.545317,0.3,917470052352,91283062784,826186989568
2026-01-07T15:33:43.556373,0.3,917470052352,91283062784,826186989568
2026-01-07T15:33:43.567394,0.3,917470052352,91283062784,826186989568
2026-01-07T15:33:43.578445,0.3,917470052352,91283062784,826186989568
2026-01-07T15:33:43.589447,1.3,917470052352,91283062784,826186989568
2026-01-07T15:33:43.600465,0.3,917470052352,91283062784,826186989568
2026-01-07T15:33:43.611498,0.3,917470052352,91283062784,826186989568
2026-01-07T15:33:43.622551,0.6,917470052352,91283062784,826186989568
2026-01-07T15:33:43.633560,0.0,917470052352,91283062784,826186989568
2026-01-07T15:33:43.644621,0.0,917470052352,91283062784,826186989568
2026-01-07T15:33:43.670146,0.4,917470052352,91283062784,826186989568
2026-01-07T15:33:43.681469,0.3,917470052352,91300364288,826169688064
2026-01-07T15:33:43.692528,0.3,917470052352,91308949504,826161102848
2026-01-07T15:33:43.703553,0.3,917470052352,91325792256,826144260096
2026-01-07T15:33:43.714601,0.3,917470052352,91325792256,826144260096
2026-01-07T15:33:43.725650,0.3,917470052352,91325792256,826144260096
2026-01-07T15:33:43.736677,0.3,917470052352,91325792256,826144260096
2026-01-07T15:33:43.747730,0.3,917470052352,91342635008,826127417344
2026-01-07T15:33:43.758768,0.3,917470052352,91350892544,826119159808
2026-01-07T15:33:43.769799,0.9,917470052352,91359674368,826110377984
2026-01-07T15:33:43.780804,0.6,917470052352,91376517120,826093535232
2026-01-07T15:33:43.791857,0.3,917470052352,91501821952,825968230400
2026-01-07T15:33:43.802863,0.3,917470052352,91946287104,825523765248
2026-01-07T15:33:43.814009,0.6,917470052352,91757346816,825712705536
2026-01-07T15:33:53.783818,0.0,917470052352,90796982272,826673070080
2026-01-07T15:33:53.795492,0.3,917470052352,90798161920,826671890432
2026-01-07T15:33:53.806780,0.3,917470052352,90814087168,826655965184
2026-01-07T15:33:53.818069,0.3,917470052352,90830602240,826639450112
2026-01-07T15:33:53.829264,0.9,917470052352,90847117312,826622935040
2026-01-07T15:33:53.840442,0.3,917470052352,90871889920,826598162432
2026-01-07T15:33:53.851659,0.3,917470052352,90888404992,826581647360
2026-01-07T15:33:53.862891,0.3,917470052352,90904920064,826565132288
2026-01-07T15:33:53.874095,0.3,917470052352,90929692672,826540359680
2026-01-07T15:33:53.885285,0.3,917470052352,90946207744,826523844608
2026-01-07T15:33:53.896481,0.3,917470052352,90962722816,826507329536
2026-01-07T15:33:53.907647,0.3,917470052352,90979237888,826490814464
2026-01-07T15:33:53.918912,0.3,917470052352,91004010496,826466041856
2026-01-07T15:33:53.930049,0.9,917470052352,91020525568,826449526784
2026-01-07T15:33:53.941229,0.3,917470052352,91037040640,826433011712
2026-01-07T15:33:53.952519,0.3,917470052352,91053555712,826416496640
2026-01-07T15:33:53.963709,0.3,917470052352,91086585856,826383466496
2026-01-07T15:33:53.974967,0.3,917470052352,91144388608,826325663744
2026-01-07T15:33:53.986200,0.3,917470052352,91193933824,826276118528
2026-01-07T15:33:53.997423,0.3,917470052352,91243479040,826226573312
2026-01-07T15:33:54.008639,0.3,917470052352,91284766720,826185285632
2026-01-07T15:33:54.021609,1.1,917470052352,91103100928,826366951424
2026-01-07T15:33:54.032906,0.3,917470052352,91103100928,826366951424
2026-01-07T15:33:57.298657,0.4,917470052352,91295121408,826174930944
2026-01-07T15:33:57.310280,0.9,917470052352,91295121408,826174930944
2026-01-07T15:33:57.321504,0.6,917470052352,91294334976,826175717376
2026-01-07T15:33:57.332705,0.3,917470052352,91295514624,826174537728
2026-01-07T15:33:57.343867,0.3,917470052352,91294728192,826175324160
2026-01-07T15:33:57.355011,0.3,917470052352,91294728192,826175324160
2026-01-07T15:33:57.366162,0.3,917470052352,91294728192,826175324160
2026-01-07T15:33:57.377285,0.3,917470052352,91294728192,826175324160
2026-01-07T15:33:57.388456,0.6,917470052352,91294728192,826175324160
2026-01-07T15:33:57.399625,1.2,917470052352,91294728192,826175324160
2026-01-07T15:33:57.410823,0.3,917470052352,91294728192,826175324160
2026-01-07T15:33:57.421997,0.6,917470052352,91294728192,826175324160
2026-01-07T15:33:57.433123,0.3,917470052352,91294728192,826175324160
2026-01-07T15:33:57.444269,0.3,917470052352,91294728192,826175324160
2026-01-07T15:33:57.455397,0.3,917470052352,91294728192,826175324160
2026-01-07T15:33:57.466575,0.3,917470052352,91294728192,826175324160
2026-01-07T15:33:57.477725,0.3,917470052352,91294728192,826175324160
2026-01-07T15:33:57.488873,0.3,917470052352,91294728192,826175324160
2026-01-07T15:33:57.500050,0.9,917470052352,91294728192,826175324160
2026-01-07T15:33:57.511248,0.3,917470052352,91294728192,826175324160
2026-01-07T15:33:57.522421,0.3,917470052352,91294728192,826175324160
2026-01-07T15:33:57.533574,0.3,917470052352,91294728192,826175324160
2026-01-07T15:33:57.544877,0.3,917470052352,91294728192,826175324160
2026-01-07T15:33:57.556061,0.3,917470052352,91294728192,826175324160
2026-01-07T15:33:57.567244,0.3,917470052352,91294728192,826175324160
2026-01-07T15:33:57.578362,0.3,917470052352,91294728192,826175324160
2026-01-07T15:33:57.589510,0.6,917470052352,91294728192,826175324160
2026-01-07T15:33:57.600675,0.0,917470052352,91294728192,826175324160
2026-01-07T15:33:57.622803,0.3,917470052352,91294728192,826175324160
2026-01-07T15:33:57.633970,0.3,917470052352,91294728192,826175324160
2026-01-07T15:33:57.645064,0.3,917470052352,91336933376,826133118976
2026-01-07T15:33:57.656218,0.3,917470052352,91362033664,826108018688
2026-01-07T15:33:57.667365,0.3,917470052352,91362033664,826108018688
2026-01-07T15:33:57.678483,0.3,917470052352,91362033664,826108018688
2026-01-07T15:33:57.689644,1.5,917470052352,91362033664,826108018688
2026-01-07T15:33:57.700767,0.3,917470052352,91378876416,826091175936
2026-01-07T15:33:57.711950,0.3,917470052352,91395915776,826074136576
2026-01-07T15:33:57.723126,0.3,917470052352,91404173312,826065879040
2026-01-07T15:33:57.734235,0.3,917470052352,91421016064,826049036288
2026-01-07T15:33:57.745360,0.3,917470052352,91446247424,826023804928
2026-01-07T15:33:57.756566,0.3,917470052352,91974467584,825495584768
2026-01-07T15:33:57.767844,0.3,917470052352,91991375872,825478676480
2026-01-07T15:33:57.779197,5.0,917470052352,91991965696,825478086656
2026-01-07T15:33:57.790548,4.7,917470052352,91991965696,825478086656
2026-01-07T15:33:57.801984,0.3,917470052352,92000223232,825469829120
2026-01-07T15:33:57.813326,4.8,917470052352,92000616448,825469435904
2026-01-07T15:33:57.824602,0.3,917470052352,92000616448,825469435904
2026-01-07T15:33:57.835949,4.8,917470052352,92000616448,825469435904
2026-01-07T15:33:57.847175,0.3,917470052352,92000616448,825469435904
2026-01-07T15:33:57.858540,4.8,917470052352,92000616448,825469435904
2026-01-07T15:33:57.869786,0.9,917470052352,92000026624,825470025728
2026-01-07T15:33:57.881299,0.3,917470052352,92001402880,825468649472
2026-01-07T15:33:57.892737,0.3,917470052352,92001402880,825468649472
2026-01-07T15:33:57.904014,0.3,917470052352,92000813056,825469239296
2026-01-07T15:33:57.915302,0.3,917470052352,92000813056,825469239296
2026-01-07T15:33:57.926471,0.3,917470052352,92000813056,825469239296
2026-01-07T15:33:57.937661,4.9,917470052352,92004155392,825465896960
2026-01-07T15:33:57.948895,0.3,917470052352,92004155392,825465896960
2026-01-07T15:34:07.897687,0.0,917470052352,90818478080,826651574272
2026-01-07T15:34:07.909353,0.9,917470052352,90818478080,826651574272
2026-01-07T15:34:07.920627,0.3,917470052352,90834993152,826635059200
2026-01-07T15:34:07.931873,0.3,917470052352,90851508224,826618544128
2026-01-07T15:34:07.943115,0.3,917470052352,90868023296,826602029056
2026-01-07T15:34:07.954312,0.3,917470052352,90892795904,826577256448
2026-01-07T15:34:07.965521,0.3,917470052352,90909310976,826560741376
2026-01-07T15:34:07.976713,0.3,917470052352,90925826048,826544226304
2026-01-07T15:34:07.987884,0.3,917470052352,90950598656,826519453696
2026-01-07T15:34:07.999112,1.2,917470052352,90967113728,826502938624
2026-01-07T15:34:08.010308,0.3,917470052352,90983628800,826486423552
2026-01-07T15:34:08.021513,0.3,917470052352,91000143872,826469908480
2026-01-07T15:34:08.032651,0.3,917470052352,91024916480,826445135872
2026-01-07T15:34:08.043777,0.3,917470052352,91041431552,826428620800
2026-01-07T15:34:08.054983,0.3,917470052352,91057946624,826412105728
2026-01-07T15:34:08.066109,0.3,917470052352,91066204160,826403848192
2026-01-07T15:34:08.080847,0.5,917470052352,92157640704,825312411648
2026-01-07T15:34:08.092268,0.3,917470052352,92157640704,825312411648
2026-01-07T15:34:08.103521,0.3,917470052352,92157640704,825312411648
2026-01-07T15:34:08.114781,0.3,917470052352,92190670848,825279381504
2026-01-07T15:34:08.126046,0.3,917470052352,92240216064,825229836288
2026-01-07T15:34:08.137526,0.3,917470052352,91672543232,825797509120
2026-01-07T15:34:08.151042,0.5,917470052352,91672543232,825797509120
2026-01-07T15:34:11.532646,0.5,917470052352,91864432640,825605619712
2026-01-07T15:34:11.544045,0.3,917470052352,91864432640,825605619712
2026-01-07T15:34:11.555255,0.3,917470052352,91864432640,825605619712
2026-01-07T15:34:11.566427,0.3,917470052352,91864432640,825605619712
2026-01-07T15:34:11.577586,0.3,917470052352,91864432640,825605619712
2026-01-07T15:34:11.588767,0.3,917470052352,91864432640,825605619712
2026-01-07T15:34:11.599889,0.9,917470052352,91864432640,825605619712
2026-01-07T15:34:11.611131,0.3,917470052352,91864432640,825605619712
2026-01-07T15:34:11.622304,0.6,917470052352,91864432640,825605619712
2026-01-07T15:34:11.633475,0.3,917470052352,91864432640,825605619712
2026-01-07T15:34:11.644655,0.6,917470052352,91864432640,825605619712
2026-01-07T15:34:11.655750,0.3,917470052352,91864432640,825605619712
2026-01-07T15:34:11.666950,0.3,917470052352,91864432640,825605619712
2026-01-07T15:34:11.678131,0.3,917470052352,91864432640,825605619712
2026-01-07T15:34:11.689277,0.9,917470052352,91864432640,825605619712
2026-01-07T15:34:11.700416,0.3,917470052352,91864432640,825605619712
2026-01-07T15:34:11.711568,0.3,917470052352,91864432640,825605619712
2026-01-07T15:34:11.722737,0.3,917470052352,91864432640,825605619712
2026-01-07T15:34:11.733917,0.3,917470052352,91864432640,825605619712
2026-01-07T15:34:11.745083,0.3,917470052352,91864432640,825605619712
2026-01-07T15:34:11.756201,0.3,917470052352,91864432640,825605619712
2026-01-07T15:34:11.767302,0.3,917470052352,91864432640,825605619712
2026-01-07T15:34:11.778500,0.3,917470052352,91864432640,825605619712
2026-01-07T15:34:11.789668,0.9,917470052352,91864432640,825605619712
2026-01-07T15:34:11.800807,0.3,917470052352,91864432640,825605619712
2026-01-07T15:34:11.811949,0.0,917470052352,91864432640,825605619712
2026-01-07T15:34:11.823103,0.0,917470052352,91864432640,825605619712
2026-01-07T15:34:11.845082,0.2,917470052352,91864432640,825605619712
2026-01-07T15:34:11.856210,0.2,917470052352,91872821248,825597231104
2026-01-07T15:34:11.867357,0.3,917470052352,91890057216,825579995136
2026-01-07T15:34:11.878538,0.3,917470052352,91923742720,825546309632
2026-01-07T15:34:11.889730,0.9,917470052352,91923742720,825546309632
2026-01-07T15:34:11.900869,0.3,917470052352,91923742720,825546309632
2026-01-07T15:34:11.912024,0.3,917470052352,91932000256,825538052096
2026-01-07T15:34:11.923148,0.3,917470052352,91948843008,825521209344
2026-01-07T15:34:11.934309,0.3,917470052352,91965882368,825504169984
2026-01-07T15:34:11.945424,0.6,917470052352,91965882368,825504169984
2026-01-07T15:34:11.956591,0.3,917470052352,91982725120,825487327232
2026-01-07T15:34:11.967777,0.3,917470052352,92108029952,825362022400
2026-01-07T15:34:11.979029,0.6,917470052352,92552495104,824917557248
2026-01-07T15:34:21.335015,0.0,917470052352,90850983936,826619068416
2026-01-07T15:34:21.346665,0.6,917470052352,90850983936,826619068416
2026-01-07T15:34:21.357973,0.3,917470052352,91934425088,825535627264
2026-01-07T15:34:21.369206,0.9,917470052352,91934425088,825535627264
2026-01-07T15:34:21.380442,0.3,917470052352,91934425088,825535627264
2026-01-07T15:34:21.391663,0.3,917470052352,91934425088,825535627264
2026-01-07T15:34:21.402892,0.3,917470052352,91934425088,825535627264
2026-01-07T15:34:21.414062,0.3,917470052352,91950940160,825519112192
2026-01-07T15:34:21.425316,0.3,917470052352,91967455232,825502597120
2026-01-07T15:34:21.436488,0.3,917470052352,91983970304,825486082048
2026-01-07T15:34:21.447682,0.3,917470052352,92008742912,825461309440
2026-01-07T15:34:21.458837,0.3,917470052352,92025257984,825444794368
2026-01-07T15:34:21.470013,0.9,917470052352,92041183232,825428869120
2026-01-07T15:34:21.481236,0.3,917470052352,92057698304,825412354048
2026-01-07T15:34:21.492415,0.3,917470052352,92079718400,825390333952
2026-01-07T15:34:21.503842,0.3,917470052352,92096233472,825373818880
2026-01-07T15:34:21.515424,0.3,917470052352,92104491008,825365561344
2026-01-07T15:34:21.526640,0.3,917470052352,92162293760,825307758592
2026-01-07T15:34:21.537931,0.3,917470052352,92211576832,825258475520
2026-01-07T15:34:21.549343,0.9,917470052352,92260466688,825209585664
2026-01-07T15:34:21.560610,0.3,917470052352,92318269440,825151782912
2026-01-07T15:34:21.572433,1.8,917470052352,91620442112,825849610240
2026-01-07T15:34:21.584674,0.6,917470052352,91620442112,825849610240
2026-01-07T15:34:24.939696,0.3,917470052352,91821441024,825648611328
2026-01-07T15:34:24.951431,0.4,917470052352,91821441024,825648611328
2026-01-07T15:34:24.962642,0.3,917470052352,91821441024,825648611328
2026-01-07T15:34:24.973836,0.3,917470052352,91821441024,825648611328
2026-01-07T15:34:24.984999,0.3,917470052352,91821441024,825648611328
2026-01-07T15:34:24.996173,0.3,917470052352,91821441024,825648611328
2026-01-07T15:34:25.007278,0.3,917470052352,91821441024,825648611328
2026-01-07T15:34:25.018496,0.3,917470052352,91821441024,825648611328
2026-01-07T15:34:25.029698,0.9,917470052352,91821441024,825648611328
2026-01-07T15:34:25.040855,0.3,917470052352,91821441024,825648611328
2026-01-07T15:34:25.052031,0.3,917470052352,91821441024,825648611328
2026-01-07T15:34:25.063148,0.3,917470052352,91821441024,825648611328
2026-01-07T15:34:25.074263,0.3,917470052352,91821441024,825648611328
2026-01-07T15:34:25.085389,0.3,917470052352,91821441024,825648611328
2026-01-07T15:34:25.096532,0.3,917470052352,91821441024,825648611328
2026-01-07T15:34:25.107608,0.3,917470052352,91821441024,825648611328
2026-01-07T15:34:25.118705,0.3,917470052352,91821441024,825648611328
2026-01-07T15:34:25.129878,0.9,917470052352,91821441024,825648611328
2026-01-07T15:34:25.141142,0.3,917470052352,91821441024,825648611328
2026-01-07T15:34:25.152344,0.3,917470052352,91821244416,825648807936
2026-01-07T15:34:25.163469,0.3,917470052352,91821244416,825648807936
2026-01-07T15:34:25.174607,0.3,917470052352,91821244416,825648807936
2026-01-07T15:34:25.185743,0.6,917470052352,91821244416,825648807936
2026-01-07T15:34:25.196879,0.3,917470052352,91821244416,825648807936
2026-01-07T15:34:25.207959,0.3,917470052352,91821244416,825648807936
2026-01-07T15:34:25.219140,1.5,917470052352,91821244416,825648807936
2026-01-07T15:34:25.230203,0.0,917470052352,91821244416,825648807936
2026-01-07T15:34:25.241296,0.0,917470052352,91820457984,825649594368
2026-01-07T15:34:25.275127,0.4,917470052352,91821441024,825648611328
2026-01-07T15:34:25.286198,0.3,917470052352,91821441024,825648611328
2026-01-07T15:34:25.297288,0.3,917470052352,91821441024,825648611328
2026-01-07T15:34:25.308411,0.3,917470052352,91855060992,825614991360
2026-01-07T15:34:25.319602,1.2,917470052352,91888418816,825581633536
2026-01-07T15:34:25.330783,0.3,917470052352,91897004032,825573048320
2026-01-07T15:34:25.341912,0.3,917470052352,91897004032,825573048320
2026-01-07T15:34:25.353057,0.3,917470052352,91897004032,825573048320
2026-01-07T15:34:25.364185,0.3,917470052352,91905261568,825564790784
2026-01-07T15:34:25.375354,0.3,917470052352,91917189120,825552863232
2026-01-07T15:34:25.386496,0.3,917470052352,91934818304,825535234048
2026-01-07T15:34:25.397639,0.3,917470052352,91951661056,825518391296
2026-01-07T15:34:25.408863,0.3,917470052352,91984953344,825485099008
2026-01-07T15:34:25.420027,0.9,917470052352,92506095616,824963956736
2026-01-07T15:34:25.431634,10.3,917470052352,92523593728,824946458624
2026-01-07T15:34:25.442956,0.6,917470052352,92523593728,824946458624
2026-01-07T15:34:25.454291,10.4,917470052352,92523593728,824946458624
2026-01-07T15:34:25.465885,0.3,917470052352,92523593728,824946458624
2026-01-07T15:34:25.477238,10.3,917470052352,92523593728,824946458624
2026-01-07T15:34:25.488467,0.6,917470052352,92523593728,824946458624
2026-01-07T15:34:25.499996,10.5,917470052352,92523790336,824946262016
2026-01-07T15:34:25.511283,10.3,917470052352,92523790336,824946262016
2026-01-07T15:34:25.522478,0.3,917470052352,92523790336,824946262016
2026-01-07T15:34:25.533741,0.3,917470052352,92523790336,824946262016
2026-01-07T15:34:25.544935,0.3,917470052352,92523790336,824946262016
2026-01-07T15:34:25.556195,0.3,917470052352,92523790336,824946262016
2026-01-07T15:34:25.568034,0.3,917470052352,92523790336,824946262016
2026-01-07T15:34:25.579282,0.9,917470052352,92523790336,824946262016
2026-01-07T15:34:25.590560,0.6,917470052352,92523790336,824946262016
2026-01-07T15:34:25.601747,0.6,917470052352,92532047872,824938004480
2026-01-07T15:34:35.117552,0.0,917470052352,90809892864,826660159488
2026-01-07T15:34:35.129183,0.9,917470052352,90809892864,826660159488
2026-01-07T15:34:35.140407,0.6,917470052352,90826407936,826643644416
2026-01-07T15:34:35.151625,0.3,917470052352,90842923008,826627129344
2026-01-07T15:34:35.162809,0.3,917470052352,90859438080,826610614272
2026-01-07T15:34:35.173983,0.3,917470052352,90875953152,826594099200
2026-01-07T15:34:35.185178,0.3,917470052352,90900725760,826569326592
2026-01-07T15:34:35.196315,0.3,917470052352,90917240832,826552811520
2026-01-07T15:34:35.207530,0.3,917470052352,90933755904,826536296448
2026-01-07T15:34:35.218687,0.3,917470052352,90958528512,826511523840
2026-01-07T15:34:35.229837,0.9,917470052352,90975043584,826495008768
2026-01-07T15:34:35.241003,0.3,917470052352,90991558656,826478493696
2026-01-07T15:34:35.252173,0.3,917470052352,91008073728,826461978624
2026-01-07T15:34:35.263367,0.3,917470052352,91024588800,826445463552
2026-01-07T15:34:35.274556,0.3,917470052352,91049361408,826420690944
2026-01-07T15:34:35.285787,0.6,917470052352,91057618944,826412433408
2026-01-07T15:34:35.300450,0.5,917470052352,92147089408,825322962944
2026-01-07T15:34:35.311630,0.3,917470052352,92147089408,825322962944
2026-01-07T15:34:35.322858,0.3,917470052352,92147089408,825322962944
2026-01-07T15:34:35.334083,0.3,917470052352,92171862016,825298190336
2026-01-07T15:34:35.345366,0.3,917470052352,92229664768,825240387584
2026-01-07T15:34:35.357460,0.3,917470052352,92147089408,825322962944
2026-01-07T15:34:35.369010,0.6,917470052352,92147089408,825322962944
2026-01-07T15:34:38.653346,0.4,917470052352,92342648832,825127403520
2026-01-07T15:34:38.664960,0.3,917470052352,92351037440,825119014912
2026-01-07T15:34:38.676171,0.3,917470052352,92351037440,825119014912
2026-01-07T15:34:38.687366,0.3,917470052352,92351037440,825119014912
2026-01-07T15:34:38.698537,0.3,917470052352,92351037440,825119014912
2026-01-07T15:34:38.709758,1.2,917470052352,92350840832,825119211520
2026-01-07T15:34:38.720825,0.3,917470052352,92350840832,825119211520
2026-01-07T15:34:38.731973,0.3,917470052352,92350840832,825119211520
2026-01-07T15:34:38.743135,0.6,917470052352,92350840832,825119211520
2026-01-07T15:34:38.754336,0.3,917470052352,92350840832,825119211520
2026-01-07T15:34:38.765519,0.3,917470052352,92350840832,825119211520
2026-01-07T15:34:38.776744,0.3,917470052352,92350840832,825119211520
2026-01-07T15:34:38.787930,0.6,917470052352,92350840832,825119211520
2026-01-07T15:34:38.799080,0.6,917470052352,92350840832,825119211520
2026-01-07T15:34:38.810214,0.3,917470052352,92350840832,825119211520
2026-01-07T15:34:38.821334,0.3,917470052352,92350840832,825119211520
2026-01-07T15:34:38.832426,0.3,917470052352,92350840832,825119211520
2026-01-07T15:34:38.843565,0.3,917470052352,92350840832,825119211520
2026-01-07T15:34:38.854684,0.3,917470052352,92350840832,825119211520
2026-01-07T15:34:38.865893,0.3,917470052352,92350840832,825119211520
2026-01-07T15:34:38.877014,0.3,917470052352,92350840832,825119211520
2026-01-07T15:34:38.888159,0.3,917470052352,92350840832,825119211520
2026-01-07T15:34:38.899279,0.9,917470052352,92350840832,825119211520
2026-01-07T15:34:38.910343,0.3,917470052352,92350840832,825119211520
2026-01-07T15:34:38.921409,0.3,917470052352,92350840832,825119211520
2026-01-07T15:34:38.932463,0.3,917470052352,92350840832,825119211520
2026-01-07T15:34:38.943560,0.3,917470052352,92350840832,825119211520
2026-01-07T15:34:38.954678,0.3,917470052352,92350840832,825119211520
2026-01-07T15:34:38.965793,0.0,917470052352,92350840832,825119211520
2026-01-07T15:34:38.976917,0.0,917470052352,92350840832,825119211520
2026-01-07T15:34:38.988008,0.0,917470052352,92350840832,825119211520
2026-01-07T15:34:39.006208,0.4,917470052352,92351037440,825119014912
2026-01-07T15:34:39.017375,0.3,917470052352,92369911808,825100140544
2026-01-07T15:34:39.028446,0.3,917470052352,92403073024,825066979328
2026-01-07T15:34:39.039571,0.9,917470052352,92419719168,825050333184
2026-01-07T15:34:39.050709,0.3,917470052352,92419719168,825050333184
2026-01-07T15:34:39.061770,0.3,917470052352,92419719168,825050333184
2026-01-07T15:34:39.072897,0.3,917470052352,92427976704,825042075648
2026-01-07T15:34:39.084000,0.3,917470052352,92444622848,825025429504
2026-01-07T15:34:39.095101,0.3,917470052352,92460482560,825009569792
2026-01-07T15:34:39.106199,0.3,917470052352,92471296000,824998756352
2026-01-07T15:34:39.117254,0.3,917470052352,92487942144,824982110208
2026-01-07T15:34:39.128388,0.3,917470052352,92604989440,824865062912
2026-01-07T15:34:39.139694,0.9,917470052352,93049651200,824420401152
2026-01-07T15:34:48.756543,0.0,917470052352,90839777280,826630275072
2026-01-07T15:34:48.768205,0.3,917470052352,90839777280,826630275072
2026-01-07T15:34:48.779490,0.9,917470052352,90856292352,826613760000
2026-01-07T15:34:48.790698,0.3,917470052352,90872807424,826597244928
2026-01-07T15:34:48.801910,0.3,917470052352,90889322496,826580729856
2026-01-07T15:34:48.813075,0.3,917470052352,90905837568,826564214784
2026-01-07T15:34:48.824230,0.6,917470052352,90930610176,826539442176
2026-01-07T15:34:48.835365,0.3,917470052352,90947125248,826522927104
2026-01-07T15:34:48.846507,0.3,917470052352,90963640320,826506412032
2026-01-07T15:34:48.857705,0.3,917470052352,90988412928,826481639424
2026-01-07T15:34:48.868938,0.3,917470052352,92079063040,825390989312
2026-01-07T15:34:48.880100,1.2,917470052352,92079063040,825390989312
2026-01-07T15:34:48.891206,0.3,917470052352,92079063040,825390989312
2026-01-07T15:34:48.902331,0.3,917470052352,92079063040,825390989312
2026-01-07T15:34:48.913437,0.3,917470052352,92079063040,825390989312
2026-01-07T15:34:48.924652,0.3,917470052352,92095578112,825374474240
2026-01-07T15:34:48.935829,0.3,917470052352,92103835648,825366216704
2026-01-07T15:34:48.947094,0.3,917470052352,92153380864,825316671488
2026-01-07T15:34:48.958316,0.3,917470052352,92210593792,825259458560
2026-01-07T15:34:48.969537,0.6,917470052352,92251881472,825218170880
2026-01-07T15:34:48.980773,0.3,917470052352,92309684224,825160368128
2026-01-07T15:34:48.992282,0.3,917470052352,92342714368,825127337984
2026-01-07T15:34:49.004877,0.3,917470052352,91622735872,825847316480
2026-01-07T15:34:49.016205,0.3,917470052352,91623325696,825846726656
2026-01-07T15:34:52.293316,0.4,917470052352,91825635328,825644417024
2026-01-07T15:34:52.305240,0.3,917470052352,91825635328,825644417024
2026-01-07T15:34:52.316471,0.3,917470052352,91825635328,825644417024
2026-01-07T15:34:52.327639,0.3,917470052352,91825635328,825644417024
2026-01-07T15:34:52.338831,0.3,917470052352,91825635328,825644417024
2026-01-07T15:34:52.349971,1.5,917470052352,91825635328,825644417024
2026-01-07T15:34:52.361082,0.3,917470052352,91824848896,825645203456
2026-01-07T15:34:52.372221,0.3,917470052352,91824848896,825645203456
2026-01-07T15:34:52.383340,0.3,917470052352,91824848896,825645203456
2026-01-07T15:34:52.394451,0.3,917470052352,91824848896,825645203456
2026-01-07T15:34:52.405599,0.3,917470052352,91824848896,825645203456
2026-01-07T15:34:52.416722,0.3,917470052352,91824848896,825645203456
2026-01-07T15:34:52.427841,0.6,917470052352,91824848896,825645203456
2026-01-07T15:34:52.438919,0.3,917470052352,91824848896,825645203456
2026-01-07T15:34:52.449994,0.9,917470052352,91824848896,825645203456
2026-01-07T15:34:52.461114,0.3,917470052352,91824848896,825645203456
2026-01-07T15:34:52.472210,0.3,917470052352,91824848896,825645203456
2026-01-07T15:34:52.483322,0.3,917470052352,91824848896,825645203456
2026-01-07T15:34:52.494421,0.3,917470052352,91824848896,825645203456
2026-01-07T15:34:52.505518,0.3,917470052352,91824848896,825645203456
2026-01-07T15:34:52.516612,0.3,917470052352,91824848896,825645203456
2026-01-07T15:34:52.527712,0.6,917470052352,91824848896,825645203456
2026-01-07T15:34:52.538886,0.3,917470052352,91824848896,825645203456
2026-01-07T15:34:52.549988,0.9,917470052352,91824848896,825645203456
2026-01-07T15:34:52.561073,0.3,917470052352,91824848896,825645203456
2026-01-07T15:34:52.572161,0.3,917470052352,91824848896,825645203456
2026-01-07T15:34:52.583237,0.3,917470052352,91824848896,825645203456
2026-01-07T15:34:52.594326,0.0,917470052352,91824848896,825645203456
2026-01-07T15:34:52.605412,0.0,917470052352,91824848896,825645203456
2026-01-07T15:34:52.635926,0.3,917470052352,91824848896,825645203456
2026-01-07T15:34:52.647065,0.5,917470052352,91824848896,825645203456
2026-01-07T15:34:52.658161,0.3,917470052352,91866923008,825603129344
2026-01-07T15:34:52.669454,0.6,917470052352,91892023296,825578029056
2026-01-07T15:34:52.680688,0.3,917470052352,91908866048,825561186304
2026-01-07T15:34:52.691918,0.6,917470052352,91917123584,825552928768
2026-01-07T15:34:52.703078,0.3,917470052352,91917123584,825552928768
2026-01-07T15:34:52.714248,0.3,917470052352,91925381120,825544671232
2026-01-07T15:34:52.725439,0.3,917470052352,91936915456,825533136896
2026-01-07T15:34:52.736638,0.3,917470052352,91954544640,825515507712
2026-01-07T15:34:52.747813,0.9,917470052352,91971387392,825498664960
2026-01-07T15:34:52.759037,0.9,917470052352,92007432192,825462620160
2026-01-07T15:34:52.770238,0.3,917470052352,92526608384,824943443968
2026-01-07T15:34:52.781930,19.7,917470052352,92545089536,824924962816
2026-01-07T15:34:52.793328,0.3,917470052352,92545089536,824924962816
2026-01-07T15:34:52.804854,19.6,917470052352,92545089536,824924962816
2026-01-07T15:34:52.816308,0.3,917470052352,92545089536,824924962816
2026-01-07T15:34:52.827861,19.6,917470052352,92545089536,824924962816
2026-01-07T15:34:52.839243,18.5,917470052352,92545089536,824924962816
2026-01-07T15:34:52.850809,0.3,917470052352,92545286144,824924766208
2026-01-07T15:34:52.862549,0.3,917470052352,92545286144,824924766208
2026-01-07T15:34:52.873944,0.3,917470052352,92545286144,824924766208
2026-01-07T15:34:52.885418,0.3,917470052352,92545286144,824924766208
2026-01-07T15:34:52.896762,0.3,917470052352,92545286144,824924766208
2026-01-07T15:34:52.908271,11.9,917470052352,92545286144,824924766208
2026-01-07T15:34:52.919681,18.3,917470052352,92545286144,824924766208
2026-01-07T15:34:52.931163,0.3,917470052352,92545286144,824924766208
2026-01-07T15:34:52.942748,18.9,917470052352,92545286144,824924766208
2026-01-07T15:34:52.954128,0.3,917470052352,92545286144,824924766208
2026-01-07T15:35:02.082135,0.0,917470052352,90964623360,826505428992
2026-01-07T15:35:02.093739,0.3,917470052352,90964623360,826505428992
2026-01-07T15:35:02.104979,0.3,917470052352,90981138432,826488913920
2026-01-07T15:35:02.116181,0.3,917470052352,90997653504,826472398848
2026-01-07T15:35:02.127395,0.3,917470052352,91014168576,826455883776
2026-01-07T15:35:02.138600,0.3,917470052352,91030683648,826439368704
2026-01-07T15:35:02.149741,0.9,917470052352,91055456256,826414596096
2026-01-07T15:35:02.160894,0.3,917470052352,91071971328,826398081024
2026-01-07T15:35:02.172095,0.3,917470052352,91088486400,826381565952
2026-01-07T15:35:02.183320,0.6,917470052352,91113259008,826356793344
2026-01-07T15:35:02.194482,0.3,917470052352,91129774080,826340278272
2026-01-07T15:35:02.205652,0.3,917470052352,91146289152,826323763200
2026-01-07T15:35:02.216831,0.3,917470052352,91162804224,826307248128
2026-01-07T15:35:02.228011,0.3,917470052352,91187576832,826282475520
2026-01-07T15:35:02.239142,0.9,917470052352,91204091904,826265960448
2026-01-07T15:35:02.250259,0.3,917470052352,91212349440,826257702912
2026-01-07T15:35:02.261442,0.3,917470052352,91253637120,826216415232
2026-01-07T15:35:02.272659,0.3,917470052352,91311439872,826158612480
2026-01-07T15:35:02.283936,0.3,917470052352,91360985088,826109067264
2026-01-07T15:35:02.295175,0.3,917470052352,91410530304,826059522048
2026-01-07T15:35:02.306348,0.3,917470052352,91462041600,826008010752
2026-01-07T15:35:02.319454,1.9,917470052352,91272118272,826197934080
2026-01-07T15:35:02.330891,0.3,917470052352,91272118272,826197934080
2026-01-07T15:35:05.793703,0.4,917470052352,91478556672,825991495680
2026-01-07T15:35:05.805219,0.3,917470052352,91478556672,825991495680
2026-01-07T15:35:05.816393,0.3,917470052352,91478556672,825991495680
2026-01-07T15:35:05.827484,1.5,917470052352,91478556672,825991495680
2026-01-07T15:35:05.838569,0.3,917470052352,91478556672,825991495680
2026-01-07T15:35:05.849665,1.2,917470052352,91478556672,825991495680
2026-01-07T15:35:05.860755,0.3,917470052352,91478556672,825991495680
2026-01-07T15:35:05.871844,0.3,917470052352,91478556672,825991495680
2026-01-07T15:35:05.882886,0.3,917470052352,91478556672,825991495680
2026-01-07T15:35:05.893993,0.3,917470052352,91478556672,825991495680
2026-01-07T15:35:05.905094,0.3,917470052352,91478556672,825991495680
2026-01-07T15:35:05.916145,0.3,917470052352,91478556672,825991495680
2026-01-07T15:35:05.927221,0.3,917470052352,91478556672,825991495680
2026-01-07T15:35:05.938249,0.3,917470052352,91478556672,825991495680
2026-01-07T15:35:05.949379,0.9,917470052352,91482095616,825987956736
2026-01-07T15:35:05.960454,0.3,917470052352,91482095616,825987956736
2026-01-07T15:35:05.971477,0.3,917470052352,91482095616,825987956736
2026-01-07T15:35:05.982529,0.3,917470052352,91482095616,825987956736
2026-01-07T15:35:05.993591,0.3,917470052352,91482095616,825987956736
2026-01-07T15:35:06.004648,0.3,917470052352,91482095616,825987956736
2026-01-07T15:35:06.015771,0.3,917470052352,91482095616,825987956736
2026-01-07T15:35:06.026863,0.3,917470052352,91482095616,825987956736
2026-01-07T15:35:06.037866,0.3,917470052352,91482095616,825987956736
2026-01-07T15:35:06.048895,0.3,917470052352,91482095616,825987956736
2026-01-07T15:35:06.059966,0.9,917470052352,91482095616,825987956736
2026-01-07T15:35:06.071037,0.3,917470052352,91482095616,825987956736
2026-01-07T15:35:06.082114,0.6,917470052352,91482095616,825987956736
2026-01-07T15:35:06.093196,0.0,917470052352,91482095616,825987956736
2026-01-07T15:35:06.104290,0.0,917470052352,91482095616,825987956736
2026-01-07T15:35:06.115364,0.0,917470052352,91482095616,825987956736
2026-01-07T15:35:06.141503,0.3,917470052352,91482095616,825987956736
2026-01-07T15:35:06.152580,0.5,917470052352,91482095616,825987956736
2026-01-07T15:35:06.163666,0.3,917470052352,91506278400,825963773952
2026-01-07T15:35:06.174704,0.3,917470052352,91531378688,825938673664
2026-01-07T15:35:06.185750,0.3,917470052352,91548221440,825921830912
2026-01-07T15:35:06.196827,0.3,917470052352,91548221440,825921830912
2026-01-07T15:35:06.207872,0.3,917470052352,91548221440,825921830912
2026-01-07T15:35:06.218996,0.9,917470052352,91564736512,825905315840
2026-01-07T15:35:06.230045,0.3,917470052352,91573321728,825896730624
2026-01-07T15:35:06.241116,0.3,917470052352,91590361088,825879691264
2026-01-07T15:35:06.252219,0.3,917470052352,91590361088,825879691264
2026-01-07T15:35:06.263272,0.3,917470052352,91610742784,825859309568
2026-01-07T15:35:06.274406,0.3,917470052352,91735195648,825734856704
2026-01-07T15:35:06.285524,0.3,917470052352,92171272192,825298780160
