benchmark,mode,model_location,execution_location,is_coldstart,avg_execution_time,min_execution_time,max_execution_time,std_execution_time,avg_transfer_time_h2d,min_transfer_time_h2d,max_transfer_time_h2d,std_transfer_time_h2d,avg_transfer_time_d2h,min_transfer_time_d2h,max_transfer_time_d2h,std_transfer_time_d2h,avg_total_time,min_total_time,max_total_time,std_total_time,thread_percentage,num_runs
bfs,cpu,cpu,cpu,False,0.0424318,0.04215,0.043165,0.0004209384753143873,,,,,,,,,,,,,1,5
nn,cpu,cpu,cpu,False,0.0046032,0.004576,0.004625,2.2185580902919587e-05,,,,,,,,,,,,,1,5
hotspot3D,cpu,cpu,cpu,False,0.3829568,0.379986,0.385926,0.002686309494455165,,,,,,,,,,,,,1,5
bfs,gpu-cpu,gpu,cpu,False,0.1275556,0.127061,0.127975,0.000361107740155204,,,,,0.0004952,0.000495,0.000496,4.4721359549996883e-07,0.1280506,0.127556,0.12847,0.0003614108465444812,1,5
nn,gpu-cpu,gpu,cpu,False,0.004229,0.004195,0.004307,4.7164605373097237e-05,,,,,0.0011188,0.001108,0.001126,6.723094525588627e-06,0.0074192,0.007381,0.007464,3.8661350209220565e-05,1,5
hotspot3D,gpu-cpu,gpu,cpu,False,1.829941,1.814993,1.866146,0.020596836917352156,,,,,0.0003138,0.000313,0.000315,8.3666002653407e-07,1.830255,1.815307,1.86646,0.02059689152517923,1,5
bfs,cpu,cpu,cpu,True,0.0426232,0.042115,0.043019,0.0003817390469941476,,,,,,,,,,,,,1,5
nn,cpu,cpu,cpu,True,0.0048871999999999995,0.004679,0.005056,0.00013456671207991958,,,,,,,,,,,,,1,5
hotspot3D,cpu,cpu,cpu,True,0.3810402,0.380267,0.381731,0.0005862616310146725,,,,,,,,,,,,,1,5
bfs,gpu-cpu,gpu,cpu,True,0.1282792,0.127255,0.129202,0.0007828727227333994,,,,,0.000495,0.000494,0.000496,7.071067811865647e-07,0.1287744,0.127749,0.129699,0.0007839290784248283,1,5
nn,gpu-cpu,gpu,cpu,True,0.0042056,0.004182,0.004234,1.9705329228409226e-05,,,,,0.001121,0.001117,0.001125,3.535533905932716e-06,0.0074272,0.007381,0.007462,2.9752310834622346e-05,1,5
hotspot3D,gpu-cpu,gpu,cpu,True,1.8255588,1.803668,1.857063,0.027576983531561197,,,,,0.00031340000000000003,0.000313,0.000314,5.477225575051497e-07,1.8258722,1.803981,1.857376,0.027577071167910437,1,5
bfs,cpu,cpu,cpu,False,0.0222098,0.0219,0.022699,0.00035048494974820253,,,,,,,,,,,,,2,5
nn,cpu,cpu,cpu,False,0.00302,0.002999,0.003036,1.570031846810764e-05,,,,,,,,,,,,,2,5
hotspot3D,cpu,cpu,cpu,False,0.1899306,0.189513,0.190255,0.0002885182836494121,,,,,,,,,,,,,2,5
bfs,gpu-cpu,gpu,cpu,False,0.0667706,0.066427,0.067268,0.00030617854268383764,,,,,0.000495,0.000494,0.000496,7.071067811865647e-07,0.06726599999999999,0.066923,0.067764,0.0003062588774223567,2,5
nn,gpu-cpu,gpu,cpu,False,0.0025136,0.002483,0.002576,3.6239481232490146e-05,,,,,0.0011222,0.001112,0.001134,8.318653737234196e-06,0.005692,0.005638,0.005751,4.58966229694518e-05,2,5
hotspot3D,gpu-cpu,gpu,cpu,False,0.9077832,0.90693,0.908417,0.0006024704972029803,,,,,0.000313,0.000313,0.000313,0.0,0.9080962,0.907243,0.90873,0.0006024704972029803,2,5
bfs,cpu,cpu,cpu,True,0.0224022,0.022147,0.022647,0.00018687749998327798,,,,,,,,,,,,,2,5
nn,cpu,cpu,cpu,True,0.0029406,0.002884,0.003046,6.187729793712726e-05,,,,,,,,,,,,,2,5
hotspot3D,cpu,cpu,cpu,True,0.1895516,0.189156,0.190042,0.00033149404217873733,,,,,,,,,,,,,2,5
bfs,gpu-cpu,gpu,cpu,True,0.06656,0.065538,0.067847,0.0008681258549311879,,,,,0.0004958,0.000495,0.000497,1.0954451150103588e-06,0.0670558,0.066035,0.068342,0.0008677359621451683,2,5
nn,gpu-cpu,gpu,cpu,True,0.0025206,0.002498,0.00259,3.9112657797700195e-05,,,,,0.001121,0.001112,0.001126,5.338539126015715e-06,0.0057286,0.005681,0.005778,4.0190794966011774e-05,2,5
hotspot3D,gpu-cpu,gpu,cpu,True,0.916271,0.902241,0.928386,0.012793907475826176,,,,,0.0003132,0.000313,0.000314,4.472135954999446e-07,0.9165844,0.902555,0.928699,0.012793737522710116,2,5
bfs,cpu,cpu,cpu,False,0.011175,0.011138,0.011245,4.199404719719198e-05,,,,,,,,,,,,,4,5
nn,cpu,cpu,cpu,False,0.002383,0.002368,0.002423,2.311925604339372e-05,,,,,,,,,,,,,4,5
hotspot3D,cpu,cpu,cpu,False,0.0946796,0.094519,0.094937,0.00016358117251077193,,,,,,,,,,,,,4,5
bfs,gpu-cpu,gpu,cpu,False,0.0336382,0.033235,0.034272,0.00041343040526792285,,,,,0.0004952,0.000493,0.000497,1.7888543819998753e-06,0.0341336,0.033729,0.034766,0.00041286111466206054,4,5
nn,gpu-cpu,gpu,cpu,False,0.0027743999999999998,0.002701,0.002855,5.9898247052814534e-05,,,,,0.0011244,0.001119,0.001132,5.5045435778091794e-06,0.0059168,0.005847,0.005974,5.521503418454093e-05,4,5
hotspot3D,gpu-cpu,gpu,cpu,False,0.4572846,0.454612,0.462729,0.003403672472492021,,,,,0.0003132,0.000313,0.000314,4.472135954999446e-07,0.4575982,0.454925,0.463043,0.003404247449877864,4,5
bfs,cpu,cpu,cpu,True,0.0114388,0.011369,0.011555,7.357784992781417e-05,,,,,,,,,,,,,4,5
nn,cpu,cpu,cpu,True,0.0023494,0.0023,0.002468,6.796175395029182e-05,,,,,,,,,,,,,4,5
hotspot3D,cpu,cpu,cpu,True,0.094678,0.094621,0.094804,7.347448536737166e-05,,,,,,,,,,,,,4,5
bfs,gpu-cpu,gpu,cpu,True,0.0335376,0.033348,0.033878,0.0002129197031746928,,,,,0.0004962,0.000495,0.000498,1.303840481040524e-06,0.034034,0.033845,0.034374,0.00021288142239284414,4,5
nn,gpu-cpu,gpu,cpu,True,0.0027467999999999998,0.002632,0.002824,7.474757521150779e-05,,,,,0.0011206,0.001113,0.001125,4.827007354458823e-06,0.0058554,0.005743,0.005919,6.750407395113273e-05,4,5
hotspot3D,gpu-cpu,gpu,cpu,True,0.4602356,0.458306,0.46325,0.0025907243774666655,,,,,0.0003142,0.000313,0.000315,8.366600265340764e-07,0.46055019999999997,0.458621,0.463564,0.0025906120319337572,4,5
bfs,cpu,cpu,cpu,False,0.0060124,0.005957,0.006078,4.9671923659145926e-05,,,,,,,,,,,,,8,5
nn,cpu,cpu,cpu,False,0.0017974,0.001783,0.001826,1.7728508115461887e-05,,,,,,,,,,,,,8,5
hotspot3D,cpu,cpu,cpu,False,0.047573,0.047541,0.047657,4.7471043805671255e-05,,,,,,,,,,,,,8,5
bfs,gpu-cpu,gpu,cpu,False,0.017605,0.017285,0.017979,0.0002969680117453732,,,,,0.000496,0.000495,0.000498,1.4142135623730911e-06,0.018101,0.017782,0.018474,0.000296705240937871,8,5
nn,gpu-cpu,gpu,cpu,False,0.001832,0.001822,0.001857,1.4265342617687058e-05,,,,,0.0011224,0.001116,0.00113,5.856620185738505e-06,0.0048876,0.004843,0.004958,4.6693682656222256e-05,8,5
hotspot3D,gpu-cpu,gpu,cpu,False,0.2304216,0.229095,0.231295,0.000827511812604513,,,,,0.0003136,0.000313,0.000314,5.477225575051497e-07,0.2307352,0.229409,0.231608,0.0008271509535749845,8,5
bfs,cpu,cpu,cpu,True,0.0060542,0.006013,0.006081,2.5994230129011173e-05,,,,,,,,,,,,,8,5
nn,cpu,cpu,cpu,True,0.0018134,0.00176,0.001946,7.608744968784274e-05,,,,,,,,,,,,,8,5
hotspot3D,cpu,cpu,cpu,True,0.0475556,0.047512,0.047573,2.5224987611494302e-05,,,,,,,,,,,,,8,5
bfs,gpu-cpu,gpu,cpu,True,0.0178562,0.017502,0.018228,0.00032006436852608324,,,,,0.0004988,0.000496,0.000509,5.718391382198313e-06,0.0183554,0.018011,0.018725,0.00031664696429935897,8,5
nn,gpu-cpu,gpu,cpu,True,0.001851,0.001848,0.001855,3.3166247903553986e-06,,,,,0.0011244,0.001116,0.00114,9.449867723941937e-06,0.0049296,0.004903,0.004982,3.056632133574474e-05,8,5
hotspot3D,gpu-cpu,gpu,cpu,True,0.2297758,0.229036,0.230472,0.000550232859796655,,,,,0.0003126,0.000312,0.000313,5.477225575051794e-07,0.230088,0.229348,0.230784,0.0005503103669748536,8,5
bfs,cpu,cpu,cpu,False,0.0033894,0.003345,0.003472,5.288950746603711e-05,,,,,,,,,,,,,16,5
nn,cpu,cpu,cpu,False,0.0016416,0.001586,0.001745,6.632721914870246e-05,,,,,,,,,,,,,16,5
hotspot3D,cpu,cpu,cpu,False,0.0481496,0.048006,0.048428,0.00016842297942976794,,,,,,,,,,,,,16,5
bfs,gpu-cpu,gpu,cpu,False,0.0112012,0.011055,0.01128,8.995943530280709e-05,,,,,0.0004954,0.000495,0.000496,5.477225575051794e-07,0.011696999999999999,0.01155,0.011776,9.015542135667735e-05,16,5
nn,gpu-cpu,gpu,cpu,False,0.0016184,0.001561,0.001693,5.1115555362335615e-05,,,,,0.0011176,0.001111,0.001122,4.159326868617057e-06,0.0046782,0.00464,0.004725,3.8251797343392914e-05,16,5
hotspot3D,gpu-cpu,gpu,cpu,False,0.2322864,0.231481,0.233082,0.0006076387084444239,,,,,0.0003126,0.000312,0.000313,5.477225575051794e-07,0.2325984,0.231794,0.233394,0.0006072291989026845,16,5
bfs,cpu,cpu,cpu,True,0.0034626,0.003411,0.003526,4.7405695860307816e-05,,,,,,,,,,,,,16,5
nn,cpu,cpu,cpu,True,0.0016792,0.001613,0.001792,7.522100770396524e-05,,,,,,,,,,,,,16,5
hotspot3D,cpu,cpu,cpu,True,0.0480626,0.04792,0.048172,9.59181943116119e-05,,,,,,,,,,,,,16,5
bfs,gpu-cpu,gpu,cpu,True,0.0122368,0.010795,0.017475,0.002930072388184292,,,,,0.0004966,0.000494,0.000499,1.9493588689617875e-06,0.0127334,0.011294,0.017971,0.002929714201078324,16,5
nn,gpu-cpu,gpu,cpu,True,0.0015781999999999999,0.001566,0.001591,9.364827814754547e-06,,,,,0.001129,0.001114,0.001152,1.4142135623730956e-05,0.0047106,0.00465,0.0048,5.491629994819386e-05,16,5
hotspot3D,gpu-cpu,gpu,cpu,True,0.231283,0.230098,0.232702,0.0009323899398856664,,,,,0.0003132,0.000313,0.000314,4.472135954999446e-07,0.2315964,0.230411,0.233016,0.0009327788055053552,16,5
bfs,cpu,cpu,cpu,False,0.0023358000000000003,0.002275,0.002426,5.9679979892758036e-05,,,,,,,,,,,,,32,5
nn,cpu,cpu,cpu,False,0.0018934,0.001815,0.001946,4.79353731601205e-05,,,,,,,,,,,,,32,5
hotspot3D,cpu,cpu,cpu,False,0.0488056,0.048567,0.049134,0.00022966562650949735,,,,,,,,,,,,,32,5
bfs,gpu-cpu,gpu,cpu,False,0.0091978,0.008206,0.012772,0.001999485233753928,,,,,0.0004964,0.000494,0.000498,1.5165750888103184e-06,0.0096942,0.008704,0.013268,0.0019992681661047877,32,5
nn,gpu-cpu,gpu,cpu,False,0.0018725999999999999,0.00179,0.001927,6.045907706870822e-05,,,,,0.0011262,0.001115,0.001138,8.348652585896648e-06,0.0049724,0.004888,0.005092,8.458900637789771e-05,32,5
hotspot3D,gpu-cpu,gpu,cpu,False,0.233088,0.232181,0.233815,0.0007141939512485342,,,,,0.0003138,0.000313,0.000314,4.472135954999446e-07,0.233402,0.232494,0.234129,0.0007143133066099228,32,5
bfs,cpu,cpu,cpu,True,0.0023142,0.002261,0.002386,4.848917404947218e-05,,,,,,,,,,,,,32,5
nn,cpu,cpu,cpu,True,0.002009,0.001877,0.002126,0.00011350550647435568,,,,,,,,,,,,,32,5
hotspot3D,cpu,cpu,cpu,True,0.0488198,0.048642,0.049024,0.00015737598291988417,,,,,,,,,,,,,32,5
bfs,gpu-cpu,gpu,cpu,True,0.008206999999999999,0.007968,0.008543,0.00023527643315895478,,,,,0.0004962,0.000495,0.000497,8.366600265340959e-07,0.0087032,0.008465,0.009039,0.0002352577310100564,32,5
nn,gpu-cpu,gpu,cpu,True,0.0019496,0.001778,0.002116,0.0001344667245083332,,,,,0.0011294,0.00112,0.001145,1.031018913502564e-05,0.0050248,0.00482,0.005182,0.00014450155708503634,32,5
hotspot3D,gpu-cpu,gpu,cpu,True,0.2315814,0.23096,0.232555,0.0007150998531673801,,,,,0.00031360000000000003,0.000313,0.000315,8.944271909999103e-07,0.2318952,0.231274,0.232868,0.000714872506115595,32,5
bfs,cpu,cpu,cpu,False,0.0023802,0.002259,0.002437,7.403174994554689e-05,,,,,,,,,,,,,64,5
nn,cpu,cpu,cpu,False,0.0023956,0.002302,0.002539,9.030946794218208e-05,,,,,,,,,,,,,64,5
hotspot3D,cpu,cpu,cpu,False,0.051287,0.051116,0.051456,0.0001237457069962428,,,,,,,,,,,,,64,5
bfs,gpu-cpu,gpu,cpu,False,0.0075762,0.0074,0.007665,0.00011217040607932173,,,,,0.000495,0.000494,0.000496,7.071067811865647e-07,0.008071199999999999,0.007895,0.008161,0.00011225061247048976,64,5
nn,gpu-cpu,gpu,cpu,False,0.0027838,0.002677,0.002906,8.197377629461756e-05,,,,,0.0011334000000000001,0.00112,0.00117,2.0863844324572602e-05,0.005863,0.005731,0.005983,9.381897462667121e-05,64,5
hotspot3D,gpu-cpu,gpu,cpu,False,0.2345022,0.233338,0.236212,0.001184909785595511,,,,,0.0003132,0.000312,0.000314,8.3666002653407e-07,0.2348158,0.233652,0.236525,0.001184409008746561,64,5
bfs,cpu,cpu,cpu,True,0.002443,0.002358,0.002585,9.160513086066742e-05,,,,,,,,,,,,,64,5
nn,cpu,cpu,cpu,True,0.0025688,0.00243,0.002749,0.00013307028218201096,,,,,,,,,,,,,64,5
hotspot3D,cpu,cpu,cpu,True,0.050849,0.050661,0.051048,0.0001577545561941101,,,,,,,,,,,,,64,5
bfs,gpu-cpu,gpu,cpu,True,0.0075356,0.007489,0.007595,4.1890333013715786e-05,,,,,0.0004962,0.000495,0.000499,1.643167672515492e-06,0.008032,0.007984,0.008089,4.147891030391248e-05,64,5
nn,gpu-cpu,gpu,cpu,True,0.0027708,0.00268,0.002805,5.261843783313979e-05,,,,,0.001128,0.001117,0.001136,8.154753215150104e-06,0.0059438,0.00583,0.006071,9.441768902064908e-05,64,5
hotspot3D,gpu-cpu,gpu,cpu,True,0.2350256,0.233302,0.235815,0.0010254463906026452,,,,,0.0003132,0.000313,0.000314,4.472135954999446e-07,0.2353392,0.233615,0.236129,0.001025678409639204,64,5
bfs,cpu,cpu,cpu,False,0.0028807999999999998,0.002534,0.004099,0.0006820199410574446,,,,,,,,,,,,,72,5
nn,cpu,cpu,cpu,False,0.002886,0.002636,0.003132,0.00017556765077883794,,,,,,,,,,,,,72,5
hotspot3D,cpu,cpu,cpu,False,0.0514698,0.05063,0.052113,0.0005545058160199933,,,,,,,,,,,,,72,5
bfs,gpu-cpu,gpu,cpu,False,0.0083316,0.007495,0.01083,0.0014026878840283747,,,,,0.0004954,0.000494,0.000497,1.3416407864999065e-06,0.0088278,0.007991,0.011327,0.0014030953994650544,72,5
nn,gpu-cpu,gpu,cpu,False,0.0031068,0.003018,0.003167,6.930872960890286e-05,,,,,0.0011382,0.001114,0.001182,2.6630809225406645e-05,0.006246,0.006107,0.00631,7.963353564924778e-05,72,5
hotspot3D,gpu-cpu,gpu,cpu,False,0.2361202,0.234653,0.237389,0.001178232022990377,,,,,0.0003122,0.000312,0.000313,4.4721359549996883e-07,0.2364328,0.234965,0.237702,0.001178753451744675,72,5
bfs,cpu,cpu,cpu,True,0.0025478,0.002467,0.002642,7.058470089190708e-05,,,,,,,,,,,,,72,5
nn,cpu,cpu,cpu,True,0.002756,0.002561,0.003318,0.00031624673911362323,,,,,,,,,,,,,72,5
hotspot3D,cpu,cpu,cpu,True,0.0515608,0.051191,0.052018,0.0003687352708922758,,,,,,,,,,,,,72,5
bfs,gpu-cpu,gpu,cpu,True,0.0089562,0.007548,0.010893,0.0017285879208186084,,,,,0.0004974000000000001,0.000495,0.0005,2.0736441353327675e-06,0.009454,0.008045,0.011389,0.0017287629970588797,72,5
nn,gpu-cpu,gpu,cpu,True,0.0030512,0.002959,0.003124,5.93691839256698e-05,,,,,0.0011266,0.001118,0.001134,6.46529195009783e-06,0.0061554,0.006026,0.00627,8.660427241193138e-05,72,5
hotspot3D,gpu-cpu,gpu,cpu,True,0.2364604,0.235621,0.238834,0.0013378579147278642,,,,,0.0003132,0.000313,0.000314,4.472135954999446e-07,0.2367738,0.235935,0.239147,0.0013376164248393438,72,5
bfs,gpu-gpu,gpu,gpu,False,0.0131522,0.012914,0.013617,0.00027592879516281037,,,,,,,,,,,,,10,5
nn,gpu-gpu,gpu,gpu,False,0.009802,0.009602,0.009953,0.00012649308281483248,,,,,,,,,,,,,10,5
hotspot3D,gpu-gpu,gpu,gpu,False,0.0046476,0.004597,0.004677,3.223042041301946e-05,,,,,,,,,,,,,10,5
bfs,gpu,cpu,gpu,False,0.01269,0.012215,0.013353,0.000492983265436059,0.0008728,0.000864,0.000884,9.203260291874834e-06,5.58e-05,5.5e-05,5.6e-05,4.472135954999567e-07,,,,,10,5
nn,gpu,cpu,gpu,False,0.0095702,0.009366,0.009692,0.00014303915547849143,4.04e-05,3.9e-05,4.3e-05,1.6733200530681518e-06,5.24e-05,5e-05,5.5e-05,1.8165902124584953e-06,,,,,10,5
hotspot3D,gpu,cpu,gpu,False,0.0315268,0.031518,0.031531,5.26307894677867e-06,0.00024419999999999997,0.000243,0.000245,8.366600265340732e-07,0.00011460000000000001,0.000112,0.000117,1.8165902124584947e-06,,,,,10,5
bfs,gpu-gpu,gpu,gpu,True,0.0129964,0.012306,0.013837,0.000717203806459503,,,,,,,,,,,,,10,5
nn,gpu-gpu,gpu,gpu,True,0.0096178,0.008928,0.009907,0.00039200471935934634,,,,,,,,,,,,,10,5
hotspot3D,gpu-gpu,gpu,gpu,True,0.0046108,0.004599,0.004633,1.3330416347586437e-05,,,,,,,,,,,,,10,5
bfs,gpu,cpu,gpu,True,0.0126684,0.012345,0.013545,0.0004970209251128164,0.000871,0.000864,0.000882,7.516648189186457e-06,5.58e-05,5.5e-05,5.6e-05,4.472135954999567e-07,,,,,10,5
nn,gpu,cpu,gpu,True,0.0095368,0.008554,0.01039,0.0006606032848843544,3.96e-05,3.3e-05,4.2e-05,3.911521443121587e-06,5.1e-05,4.8e-05,5.4e-05,2.549509756796392e-06,,,,,10,5
hotspot3D,gpu,cpu,gpu,True,0.0316592,0.031617,0.031694,3.789063208762782e-05,0.00024359999999999999,0.000242,0.000245,1.5165750888103059e-06,0.0001306,0.000113,0.000158,2.2389729788454347e-05,,,,,10,5
bfs,gpu-gpu,gpu,gpu,False,0.011541000000000001,0.011305,0.011665,0.0001408918024584819,,,,,,,,,,,,,20,5
nn,gpu-gpu,gpu,gpu,False,0.0095648,0.009204,0.009779,0.0002230195058733649,,,,,,,,,,,,,20,5
hotspot3D,gpu-gpu,gpu,gpu,False,0.002415,0.002401,0.002437,1.4543039572248994e-05,,,,,,,,,,,,,20,5
bfs,gpu,cpu,gpu,False,0.0127346,0.012019,0.013085,0.0004646324353723059,0.000869,0.000855,0.000886,1.5182226450688995e-05,5.66e-05,5.5e-05,5.7e-05,8.944271909999164e-07,,,,,20,5
nn,gpu,cpu,gpu,False,0.009202,0.008974,0.009456,0.00018499189171420513,3.86e-05,3.8e-05,4e-05,8.944271909999161e-07,5.02e-05,4.7e-05,5.2e-05,1.923538406167135e-06,,,,,20,5
hotspot3D,gpu,cpu,gpu,False,0.0152758,0.015239,0.015303,2.4035390573069278e-05,0.000247,0.000244,0.000249,1.999999999999998e-06,0.0001302,0.000116,0.000155,1.9201562436426884e-05,,,,,20,5
bfs,gpu-gpu,gpu,gpu,True,0.0121318,0.011606,0.01334,0.0006889322898514771,,,,,,,,,,,,,20,5
nn,gpu-gpu,gpu,gpu,True,0.0096544,0.008553,0.010202,0.0006405515592050337,,,,,,,,,,,,,20,5
hotspot3D,gpu-gpu,gpu,gpu,True,0.0024136,0.002401,0.002427,9.889388252060887e-06,,,,,,,,,,,,,20,5
bfs,gpu,cpu,gpu,True,0.012243,0.011777,0.012894,0.0004800484350562971,0.0009194,0.000907,0.000926,8.848728722251559e-06,5.58e-05,5.5e-05,5.6e-05,4.472135954999567e-07,,,,,20,5
nn,gpu,cpu,gpu,True,0.0093144,0.008575,0.009647,0.00043827194753942453,3.9800000000000005e-05,3.8e-05,4.1e-05,1.0954451150103319e-06,5.74e-05,5.3e-05,6.7e-05,5.594640292279747e-06,,,,,20,5
hotspot3D,gpu,cpu,gpu,True,0.0152444,0.015235,0.01525,6.1073725938407905e-06,0.0002484,0.000245,0.000252,2.7018512172212635e-06,0.0001272,0.000116,0.000166,2.1707141681944216e-05,,,,,20,5
bfs,gpu-gpu,gpu,gpu,False,0.0116972,0.011499,0.012079,0.0002537689894372435,,,,,,,,,,,,,30,5
nn,gpu-gpu,gpu,gpu,False,0.009642,0.009431,0.009878,0.00016046494944379577,,,,,,,,,,,,,30,5
hotspot3D,gpu-gpu,gpu,gpu,False,0.0018028,0.001791,0.001811,8.408329203831128e-06,,,,,,,,,,,,,30,5
bfs,gpu,cpu,gpu,False,0.0116372,0.011472,0.012098,0.000259970575258047,0.0009004,0.000859,0.000916,2.351169921549697e-05,5.58e-05,5.5e-05,5.7e-05,8.366600265340757e-07,,,,,30,5
nn,gpu,cpu,gpu,False,0.009996,0.009793,0.01067,0.00037921168230949884,4.3e-05,4.2e-05,4.4e-05,1.0000000000000006e-06,5.4199999999999996e-05,5.2e-05,5.6e-05,1.4832396974191339e-06,,,,,30,5
hotspot3D,gpu,cpu,gpu,False,0.0111036,0.011057,0.011161,3.9221167754160494e-05,0.00025059999999999997,0.000249,0.000252,1.5165750888103184e-06,0.000124,0.000116,0.000152,1.5668439615992402e-05,,,,,30,5
bfs,gpu-gpu,gpu,gpu,True,0.0123,0.011534,0.013339,0.0007032983008652871,,,,,,,,,,,,,30,5
nn,gpu-gpu,gpu,gpu,True,0.0095012,0.008714,0.009866,0.0004550090108997845,,,,,,,,,,,,,30,5
hotspot3D,gpu-gpu,gpu,gpu,True,0.0018006,0.001796,0.001813,7.092249290598805e-06,,,,,,,,,,,,,30,5
bfs,gpu,cpu,gpu,True,0.011776,0.011417,0.012622,0.00048168091097738116,0.0008746,0.000827,0.000902,3.477499101365806e-05,5.58e-05,5.5e-05,5.7e-05,8.366600265340757e-07,,,,,30,5
nn,gpu,cpu,gpu,True,0.0097892,0.008663,0.010199,0.0006430460325668759,4.06e-05,3.8e-05,4.2e-05,1.949358868961791e-06,5.04e-05,4.8e-05,5.3e-05,1.8165902124584947e-06,,,,,30,5
hotspot3D,gpu,cpu,gpu,True,0.011098,0.011053,0.011192,5.583905443325502e-05,0.00024859999999999997,0.000247,0.00025,1.1401754250991395e-06,0.0001156,0.000113,0.000118,1.8165902124584947e-06,,,,,30,5
bfs,gpu-gpu,gpu,gpu,False,0.0117216,0.011479,0.012213,0.00029053880979999915,,,,,,,,,,,,,40,5
nn,gpu-gpu,gpu,gpu,False,0.009689,0.009283,0.01061,0.0005407693593390809,,,,,,,,,,,,,40,5
hotspot3D,gpu-gpu,gpu,gpu,False,0.0014434,0.001427,0.001495,2.8970674828177563e-05,,,,,,,,,,,,,40,5
bfs,gpu,cpu,gpu,False,0.0117578,0.011031,0.012784,0.0006633111637836353,0.000874,0.000848,0.000895,1.6792855623746646e-05,5.56e-05,5.5e-05,5.6e-05,5.477225575051646e-07,,,,,40,5
nn,gpu,cpu,gpu,False,0.00977,0.009426,0.010035,0.00023045823916709938,4e-05,4e-05,4e-05,0.0,5.2e-05,5e-05,5.6e-05,2.345207879911714e-06,,,,,40,5
hotspot3D,gpu,cpu,gpu,False,0.0079658,0.007949,0.008003,2.148720549536406e-05,0.0002462,0.000244,0.00025,2.3874672772626685e-06,0.000125,0.000113,0.000162,2.0796634343085423e-05,,,,,40,5
bfs,gpu-gpu,gpu,gpu,True,0.0117248,0.01136,0.012992,0.0007108816357172268,,,,,,,,,,,,,40,5
nn,gpu-gpu,gpu,gpu,True,0.0096746,0.008551,0.010119,0.0006466407812688589,,,,,,,,,,,,,40,5
hotspot3D,gpu-gpu,gpu,gpu,True,0.0014962,0.001479,0.001528,1.976613265158365e-05,,,,,,,,,,,,,40,5
bfs,gpu,cpu,gpu,True,0.0118372,0.011499,0.012465,0.00043485997746401083,0.0008754,0.000845,0.000906,2.5005999280172737e-05,5.58e-05,5.5e-05,5.7e-05,8.366600265340757e-07,,,,,40,5
nn,gpu,cpu,gpu,True,0.0093152,0.008412,0.009707,0.0005230608951164293,3.72e-05,3.3e-05,3.9e-05,2.683281572999746e-06,5.44e-05,4.8e-05,7e-05,8.848728722251572e-06,,,,,40,5
hotspot3D,gpu,cpu,gpu,True,0.0079992,0.007956,0.008072,4.681559569203404e-05,0.0002474,0.000246,0.00025,1.673320053068148e-06,0.00011520000000000001,0.000114,0.000116,8.366600265340732e-07,,,,,40,5
bfs,gpu-gpu,gpu,gpu,False,0.0113352,0.01119,0.011517,0.00013904387796663317,,,,,,,,,,,,,50,5
nn,gpu-gpu,gpu,gpu,False,0.0098434,0.009627,0.010037,0.0001775367567575798,,,,,,,,,,,,,50,5
hotspot3D,gpu-gpu,gpu,gpu,False,0.0011988,0.001188,0.001207,8.043631020876072e-06,,,,,,,,,,,,,50,5
bfs,gpu,cpu,gpu,False,0.011542,0.011293,0.01184,0.00026698314553544393,0.0008736,0.000857,0.000904,1.9629060089571266e-05,5.54e-05,5.5e-05,5.6e-05,5.477225575051646e-07,,,,,50,5
nn,gpu,cpu,gpu,False,0.0099726,0.009678,0.010293,0.00022363653547665223,4.58e-05,4.3e-05,4.9e-05,2.1679483388678787e-06,5.82e-05,5.3e-05,6.9e-05,6.300793600809344e-06,,,,,50,5
hotspot3D,gpu,cpu,gpu,False,0.0073206,0.007257,0.007343,3.589986072396351e-05,0.000251,0.000249,0.000253,1.4142135623731102e-06,0.00012660000000000001,0.000115,0.000161,1.9320973060381824e-05,,,,,50,5
bfs,gpu-gpu,gpu,gpu,True,0.0129226,0.012281,0.013696,0.0005295821938094216,,,,,,,,,,,,,50,5
nn,gpu-gpu,gpu,gpu,True,0.0100936,0.009934,0.01027,0.00012593172753520038,,,,,,,,,,,,,50,5
hotspot3D,gpu-gpu,gpu,gpu,True,0.001199,0.001194,0.001204,4.000000000000002e-06,,,,,,,,,,,,,50,5
bfs,gpu,cpu,gpu,True,0.01255,0.012175,0.013852,0.0007304440430313603,0.0009106,0.0009,0.000928,1.1696153213770772e-05,5.58e-05,5.5e-05,5.6e-05,4.472135954999567e-07,,,,,50,5
nn,gpu,cpu,gpu,True,0.0096166,0.008817,0.010065,0.000490215564828372,4.08e-05,3.7e-05,4.5e-05,3.193743884534264e-06,5.92e-05,5.3e-05,7.3e-05,8.167006795638167e-06,,,,,50,5
hotspot3D,gpu,cpu,gpu,True,0.0073358,0.00733,0.007342,5.540758070878074e-06,0.0002488,0.000247,0.000251,1.4832396974191248e-06,0.0001174,0.000116,0.000119,1.341640786499874e-06,,,,,50,5
bfs,gpu-gpu,gpu,gpu,False,0.012263,0.011545,0.013104,0.0006689196513782504,,,,,,,,,,,,,60,5
nn,gpu-gpu,gpu,gpu,False,0.0098722,0.009688,0.010117,0.0001554081722432893,,,,,,,,,,,,,60,5
hotspot3D,gpu-gpu,gpu,gpu,False,0.0011382,0.001125,0.001156,1.143241006962224e-05,,,,,,,,,,,,,60,5
bfs,gpu,cpu,gpu,False,0.0114676,0.011374,0.011644,0.0001038089591509325,0.0008666,0.000844,0.000905,2.4855582873873626e-05,5.58e-05,5.5e-05,5.7e-05,8.366600265340757e-07,,,,,60,5
nn,gpu,cpu,gpu,False,0.0096902,0.009434,0.009909,0.00021302394231635075,3.98e-05,3.8e-05,4.2e-05,1.4832396974191313e-06,5.1399999999999996e-05,4.9e-05,5.3e-05,1.5165750888103103e-06,,,,,60,5
hotspot3D,gpu,cpu,gpu,False,0.0057284,0.0057,0.005766,3.1832373458477904e-05,0.0002492,0.000247,0.000252,1.9235384061671375e-06,0.0001148,0.000113,0.000117,1.4832396974191326e-06,,,,,60,5
bfs,gpu-gpu,gpu,gpu,True,0.0120206,0.011523,0.013138,0.0007098012397847726,,,,,,,,,,,,,60,5
nn,gpu-gpu,gpu,gpu,True,0.0095982,0.008504,0.010131,0.0006347855543409916,,,,,,,,,,,,,60,5
hotspot3D,gpu-gpu,gpu,gpu,True,0.0011454,0.00114,0.001155,6.426507605223852e-06,,,,,,,,,,,,,60,5
bfs,gpu,cpu,gpu,True,0.0118018,0.011191,0.013018,0.0007152123460903063,0.000884,0.00085,0.000907,2.1908902300206666e-05,5.54e-05,5.5e-05,5.6e-05,5.477225575051646e-07,,,,,60,5
nn,gpu,cpu,gpu,True,0.009725600000000001,0.009062,0.010029,0.0003822319976140142,4.04e-05,4e-05,4.1e-05,5.477225575051646e-07,5.26e-05,5e-05,5.5e-05,2.408318915758458e-06,,,,,60,5
hotspot3D,gpu,cpu,gpu,True,0.0057374,0.0057,0.005766,2.954318872430659e-05,0.0002474,0.000243,0.000253,3.781534080237819e-06,0.000115,0.000114,0.000116,7.071067811865456e-07,,,,,60,5
bfs,gpu-gpu,gpu,gpu,False,0.011374200000000001,0.011282,0.011495,0.00010125561712813762,,,,,,,,,,,,,70,5
nn,gpu-gpu,gpu,gpu,False,0.009695,0.009229,0.010524,0.0005039439452955062,,,,,,,,,,,,,70,5
hotspot3D,gpu-gpu,gpu,gpu,False,0.0009866,0.000968,0.001016,1.7854971296532498e-05,,,,,,,,,,,,,70,5
bfs,gpu,cpu,gpu,False,0.0119326,0.011108,0.012469,0.0005876668273775539,0.0008554,0.000839,0.000877,1.4432601983010537e-05,5.6e-05,5.6e-05,5.6e-05,0.0,,,,,70,5
nn,gpu,cpu,gpu,False,0.0094132,0.009194,0.009631,0.00017211827328903801,3.7e-05,3.5e-05,3.9e-05,1.5811388300841907e-06,5.3599999999999995e-05,4.7e-05,7e-05,9.34344690143846e-06,,,,,70,5
hotspot3D,gpu,cpu,gpu,False,0.0056418,0.005631,0.005651,7.463243262818136e-06,0.0002462,0.000242,0.00025,3.0331501776206236e-06,0.0001228,0.000112,0.000155,1.808867048735202e-05,,,,,70,5
bfs,gpu-gpu,gpu,gpu,True,0.0117378,0.011273,0.012788,0.0006199598374088442,,,,,,,,,,,,,70,5
nn,gpu-gpu,gpu,gpu,True,0.0098094,0.008573,0.010568,0.0007423495133695444,,,,,,,,,,,,,70,5
hotspot3D,gpu-gpu,gpu,gpu,True,0.0009894,0.000973,0.001018,1.711139970896595e-05,,,,,,,,,,,,,70,5
bfs,gpu,cpu,gpu,True,0.012058,0.0114,0.012879,0.0007204425723123249,0.000932,0.00089,0.000969,2.9857997253667258e-05,5.6e-05,5.5e-05,5.7e-05,7.071067811865479e-07,,,,,70,5
nn,gpu,cpu,gpu,True,0.009638,0.008599,0.010069,0.0006065739855945023,4.2e-05,3.9e-05,4.5e-05,2.449489742783179e-06,5.36e-05,5.2e-05,5.5e-05,1.5165750888103127e-06,,,,,70,5
hotspot3D,gpu,cpu,gpu,True,0.0056332,0.005615,0.005652,1.7166828478201672e-05,0.000255,0.000248,0.000279,1.3435028842544407e-05,0.000118,0.000116,0.000121,2.000000000000001e-06,,,,,70,5
bfs,gpu-gpu,gpu,gpu,False,0.011416,0.011225,0.011934,0.00029368265185400363,,,,,,,,,,,,,80,5
nn,gpu-gpu,gpu,gpu,False,0.0093138,0.009144,0.009546,0.00015008564221803529,,,,,,,,,,,,,80,5
hotspot3D,gpu-gpu,gpu,gpu,False,0.0009358,0.000932,0.00094,3.898717737923563e-06,,,,,,,,,,,,,80,5
bfs,gpu,cpu,gpu,False,0.011336,0.011073,0.011621,0.00020739816778361369,0.0008818,0.000838,0.000906,2.5946097972527598e-05,5.54e-05,5.5e-05,5.6e-05,5.477225575051646e-07,,,,,80,5
nn,gpu,cpu,gpu,False,0.009675399999999999,0.009203,0.010447,0.0004690653472598462,4.16e-05,3.8e-05,4.6e-05,3.0495901363953804e-06,5.18e-05,5e-05,5.5e-05,1.923538406167135e-06,,,,,80,5
hotspot3D,gpu,cpu,gpu,False,0.0042106,0.004194,0.004222,1.148041811085291e-05,0.000248,0.000245,0.00025,2.000000000000001e-06,0.000123,0.000111,0.000163,2.2405356502408082e-05,,,,,80,5
bfs,gpu-gpu,gpu,gpu,True,0.0121932,0.011447,0.013122,0.0007320079917596526,,,,,,,,,,,,,80,5
nn,gpu-gpu,gpu,gpu,True,0.0098394,0.009248,0.010128,0.00035331827011916644,,,,,,,,,,,,,80,5
hotspot3D,gpu-gpu,gpu,gpu,True,0.0009362,0.000931,0.000943,4.549725266430957e-06,,,,,,,,,,,,,80,5
bfs,gpu,cpu,gpu,True,0.0116684,0.01128,0.012671,0.0005678990227144259,0.000877,0.000861,0.000893,1.4053469322555209e-05,5.58e-05,5.5e-05,5.7e-05,8.366600265340757e-07,,,,,80,5
nn,gpu,cpu,gpu,True,0.0097328,0.009246,0.010343,0.0003955037294388003,4.2e-05,3.9e-05,4.4e-05,1.870828693386971e-06,5.1e-05,4.9e-05,5.3e-05,1.5811388300841896e-06,,,,,80,5
hotspot3D,gpu,cpu,gpu,True,0.0042268,0.004219,0.004235,7.085195833567424e-06,0.0002468,0.000245,0.000249,1.4832396974191248e-06,0.000124,0.000115,0.000157,1.8466185312619385e-05,,,,,80,5
bfs,gpu-gpu,gpu,gpu,False,0.0116814,0.011105,0.012674,0.0006099371279074587,,,,,,,,,,,,,90,5
nn,gpu-gpu,gpu,gpu,False,0.0099058,0.009661,0.01005,0.000162247342042944,,,,,,,,,,,,,90,5
hotspot3D,gpu-gpu,gpu,gpu,False,0.0009284,0.000908,0.000961,1.9869574731231698e-05,,,,,,,,,,,,,90,5
bfs,gpu,cpu,gpu,False,0.011525,0.011261,0.011882,0.00026205056763914863,0.0008692,0.000849,0.000894,1.6619265928433785e-05,5.56e-05,5.5e-05,5.6e-05,5.477225575051646e-07,,,,,90,5
nn,gpu,cpu,gpu,False,0.0093744,0.009252,0.009461,8.022343797170512e-05,3.74e-05,3.5e-05,4.1e-05,2.3021728866442688e-06,5.02e-05,4.9e-05,5.1e-05,8.366600265340757e-07,,,,,90,5
hotspot3D,gpu,cpu,gpu,False,0.0039902,0.003972,0.004026,2.2587607221660316e-05,0.0002484,0.000246,0.000251,2.0736441353327624e-06,0.0001148,0.000114,0.000116,8.366600265340732e-07,,,,,90,5
bfs,gpu-gpu,gpu,gpu,True,0.011712,0.011248,0.013234,0.0008532830714364369,,,,,,,,,,,,,90,5
nn,gpu-gpu,gpu,gpu,True,0.0095034,0.008507,0.009863,0.0005660868307954174,,,,,,,,,,,,,90,5
hotspot3D,gpu-gpu,gpu,gpu,True,0.0009336,0.000919,0.000954,1.4842506526863984e-05,,,,,,,,,,,,,90,5
bfs,gpu,cpu,gpu,True,0.0122532,0.011417,0.012887,0.0006811825746450062,0.0009192,0.000862,0.000974,5.024639290536188e-05,5.56e-05,5.5e-05,5.6e-05,5.477225575051646e-07,,,,,90,5
nn,gpu,cpu,gpu,True,0.0097202,0.008716,0.010107,0.0005757323162720676,4.12e-05,3.6e-05,4.4e-05,3.114482300479487e-06,5.2799999999999996e-05,5e-05,5.4e-05,1.7888543819998302e-06,,,,,90,5
hotspot3D,gpu,cpu,gpu,True,0.003982,0.003979,0.003985,2.4494897427830606e-06,0.0002482,0.000246,0.000251,2.280350850198261e-06,0.0001156,0.000115,0.000116,5.477225575051646e-07,,,,,90,5
bfs,gpu-gpu,gpu,gpu,False,0.01129,0.011081,0.011438,0.0001566987555789769,,,,,,,,,,,,,100,5
nn,gpu-gpu,gpu,gpu,False,0.0099924,0.009637,0.01087,0.0004974191391573105,,,,,,,,,,,,,100,5
hotspot3D,gpu-gpu,gpu,gpu,False,0.0008964,0.000881,0.000915,1.4825653442597418e-05,,,,,,,,,,,,,100,5
bfs,gpu,cpu,gpu,False,0.0117156,0.011337,0.012702,0.0005569311447566924,0.0008912,0.000885,0.000895,3.962322551231776e-06,5.54e-05,5.5e-05,5.6e-05,5.477225575051646e-07,,,,,100,5
nn,gpu,cpu,gpu,False,0.0098732,0.009674,0.010203,0.0002156773052502281,4.02e-05,3.7e-05,4.2e-05,2.0493901531919194e-06,5.24e-05,5e-05,5.6e-05,2.1908902300206638e-06,,,,,100,5
hotspot3D,gpu,cpu,gpu,False,0.0039466,0.003938,0.003954,7.092249290598943e-06,0.000247,0.000245,0.000249,1.8708286933869727e-06,0.000115,0.000113,0.000117,1.4142135623730958e-06,,,,,100,5
bfs,gpu-gpu,gpu,gpu,True,0.0118596,0.011211,0.012799,0.0008001198660200857,,,,,,,,,,,,,100,5
nn,gpu-gpu,gpu,gpu,True,0.0098294,0.009618,0.010249,0.0002451311893660206,,,,,,,,,,,,,100,5
hotspot3D,gpu-gpu,gpu,gpu,True,0.00091,0.000896,0.000925,1.176860229593984e-05,,,,,,,,,,,,,100,5
bfs,gpu,cpu,gpu,True,0.0118706,0.011336,0.012892,0.0006623279399210033,0.000871,0.000839,0.0009,2.2371857321197076e-05,5.6e-05,5.5e-05,5.7e-05,7.071067811865479e-07,,,,,100,5
nn,gpu,cpu,gpu,True,0.0093034,0.008826,0.009591,0.0002999254907472854,3.8e-05,3.5e-05,4e-05,1.8708286933869727e-06,5.02e-05,4.8e-05,5.4e-05,2.2803508501982748e-06,,,,,100,5
hotspot3D,gpu,cpu,gpu,True,0.0039028,0.003894,0.003909,6.180614856145019e-06,0.0002478,0.000245,0.00025,1.9235384061671375e-06,0.0001188,0.000113,0.000134,8.642916174532762e-06,,,,,100,5
