timestamp,cpu_util_pct,mem_total_bytes,mem_used_bytes,mem_available_bytes
2025-12-25T14:06:22.902318,5.6,917470052352,86177415168,831292637184
2025-12-25T14:06:23.905502,0.1,917470052352,86283583488,831186468864
2025-12-25T14:06:24.906671,1.6,917470052352,86432350208,831037702144
2025-12-25T14:06:25.907656,0.4,917470052352,86523379712,830946672640
2025-12-25T14:06:26.908762,1.9,917470052352,86588719104,830881333248
2025-12-25T14:06:27.910553,0.3,917470052352,86663168000,830806884352
2025-12-25T14:06:28.947719,0.5,917470052352,86362619904,831107432448
2025-12-25T14:06:29.969663,0.4,917470052352,86394601472,831075450880
2025-12-25T14:06:30.971063,0.0,917470052352,86394601472,831075450880
2025-12-25T14:06:31.972285,0.0,917470052352,86394601472,831075450880
2025-12-25T14:06:32.973595,0.2,917470052352,86461579264,831008473088
2025-12-25T14:06:33.975023,1.9,917470052352,86642196480,830827855872
2025-12-25T14:06:34.976514,0.4,917470052352,86708649984,830761402368
2025-12-25T14:06:35.978056,1.9,917470052352,86782967808,830687084544
2025-12-25T14:06:36.979453,0.4,917470052352,86841491456,830628560896
2025-12-25T14:06:37.981159,0.4,917470052352,87109664768,830360387584
2025-12-25T14:06:38.982793,0.2,917470052352,88118525952,829351526400
2025-12-25T14:06:39.984501,0.5,917470052352,88136548352,829333504000
2025-12-25T14:06:40.986346,0.2,917470052352,89092063232,828377989120
2025-12-25T14:06:41.989476,2.1,917470052352,93487759360,823982292992
2025-12-25T14:06:42.991479,3.1,917470052352,99745464320,817724588032
2025-12-25T14:06:43.995844,3.4,917470052352,106329735168,811140317184
2025-12-25T14:06:45.000263,5.0,917470052352,112504340480,804965711872
2025-12-25T14:06:46.004092,3.4,917470052352,117123710976,800346341376
2025-12-25T14:06:47.008855,3.0,917470052352,123136245760,794333806592
2025-12-25T14:06:48.012598,3.5,917470052352,127608160256,789861892096
2025-12-25T14:06:49.016030,9.1,917470052352,132358864896,785111187456
2025-12-25T14:06:50.018376,1.0,917470052352,134981615616,782488436736
2025-12-25T14:06:51.020125,0.4,917470052352,138260381696,779209670656
2025-12-25T14:06:52.021777,0.4,917470052352,142745010176,774725042176
2025-12-25T14:06:53.023306,0.4,917470052352,147287244800,770182807552
2025-12-25T14:06:54.024785,0.4,917470052352,151821615104,765648437248
2025-12-25T14:06:55.027060,6.5,917470052352,216792891392,700677160960
2025-12-25T14:06:56.030526,54.0,917470052352,279890558976,637579493376
2025-12-25T14:06:57.034091,15.6,917470052352,187362377728,730107674624
2025-12-25T14:06:58.036272,0.4,917470052352,187371814912,730098237440
2025-12-25T14:06:59.038022,0.4,917470052352,186829373440,730640678912
2025-12-25T14:07:00.039842,0.4,917470052352,185353502720,732116549632
2025-12-25T14:07:01.041496,0.4,917470052352,185353502720,732116549632
2025-12-25T14:07:02.042997,0.4,917470052352,185353699328,732116353024
2025-12-25T14:07:03.044450,0.4,917470052352,185353699328,732116353024
2025-12-25T14:07:04.045829,0.4,917470052352,185370214400,732099837952
2025-12-25T14:07:05.047291,0.5,917470052352,185378471936,732091580416
2025-12-25T14:07:06.048889,0.4,917470052352,184872927232,732597125120
2025-12-25T14:07:07.050429,0.4,917470052352,184910348288,732559704064
2025-12-25T14:07:08.051832,0.4,917470052352,184972476416,732497575936
2025-12-25T14:07:09.053257,0.5,917470052352,184449761280,733020291072
2025-12-25T14:07:10.054823,0.4,917470052352,182877683712,734592368640
2025-12-25T14:07:11.056411,0.4,917470052352,182882074624,734587977728
2025-12-25T14:07:12.057965,0.4,917470052352,180808908800,736661143552
2025-12-25T14:07:13.059517,0.4,917470052352,181043396608,736426655744
2025-12-25T14:07:14.060942,1.9,917470052352,181010759680,736459292672
2025-12-25T14:07:15.062407,0.4,917470052352,179274711040,738195341312
2025-12-25T14:07:16.063798,0.4,917470052352,179274711040,738195341312
2025-12-25T14:07:17.065114,0.4,917470052352,179274907648,738195144704
2025-12-25T14:07:18.066390,0.4,917470052352,179294568448,738175483904
2025-12-25T14:07:19.067718,0.4,917470052352,179551600640,737918451712
2025-12-25T14:07:20.069227,0.5,917470052352,179562938368,737907113984
2025-12-25T14:07:21.070809,0.4,917470052352,179018334208,738451718144
2025-12-25T14:07:22.072266,0.4,917470052352,179040288768,738429763584
2025-12-25T14:07:23.073638,0.4,917470052352,179024297984,738445754368
2025-12-25T14:07:24.074915,0.4,917470052352,179074301952,738395750400
2025-12-25T14:07:25.076174,0.4,917470052352,179066699776,738403352576
2025-12-25T14:07:26.077393,0.4,917470052352,178960662528,738509389824
2025-12-25T14:07:27.079363,29.3,917470052352,176423370752,741046681600
2025-12-25T14:07:28.081902,2.9,917470052352,176470753280,740999299072
2025-12-25T14:07:29.084504,27.6,917470052352,175408939008,742061113344
2025-12-25T14:07:30.087178,38.8,917470052352,174405124096,743064928256
2025-12-25T14:07:31.090250,28.0,917470052352,167987642368,749482409984
2025-12-25T14:07:32.093153,38.1,917470052352,167998259200,749471793152
2025-12-25T14:07:33.096432,39.0,917470052352,168791900160,748678152192
2025-12-25T14:07:34.099310,39.4,917470052352,168805662720,748664389632
2025-12-25T14:07:35.102133,40.4,917470052352,168817655808,748652396544
2025-12-25T14:07:36.104710,39.8,917470052352,168265252864,749204799488
2025-12-25T14:07:37.107428,37.1,917470052352,167735721984,749734330368
2025-12-25T14:07:38.110146,39.7,917470052352,167767113728,749702938624
2025-12-25T14:07:39.112926,38.7,917470052352,167774191616,749695860736
2025-12-25T14:07:40.115765,38.3,917470052352,167781859328,749688193024
2025-12-25T14:07:41.118715,38.3,917470052352,167786971136,749683081216
2025-12-25T14:07:42.123450,38.0,917470052352,168341929984,749128122368
2025-12-25T14:07:43.126958,39.2,917470052352,168342126592,749127925760
2025-12-25T14:07:44.129691,37.4,917470052352,168344092672,749125959680
2025-12-25T14:07:45.133343,39.0,917470052352,168349204480,749120847872
2025-12-25T14:07:46.136105,38.9,917470052352,167242104832,750227947520
2025-12-25T14:07:47.139244,38.8,917470052352,167247609856,750222442496
2025-12-25T14:07:48.142444,39.4,917470052352,166691209216,750778843136
2025-12-25T14:07:49.145211,40.1,917470052352,166697107456,750772944896
2025-12-25T14:07:50.148171,39.8,917470052352,166702612480,750767439872
2025-12-25T14:07:51.151266,42.9,917470052352,166706937856,750763114496
2025-12-25T14:07:52.153986,39.7,917470052352,166660472832,750809579520
2025-12-25T14:07:53.157148,39.6,917470052352,166124716032,751345336320
2025-12-25T14:07:54.169495,38.0,917470052352,166143787008,751326265344
2025-12-25T14:07:55.172319,40.1,917470052352,166146932736,751323119616
2025-12-25T14:07:56.175424,39.1,917470052352,166152241152,751317811200
2025-12-25T14:07:57.178359,39.5,917470052352,166156959744,751313092608
2025-12-25T14:07:58.181931,40.4,917470052352,166159712256,751310340096
2025-12-25T14:07:59.185404,40.1,917470052352,166165217280,751304835072
2025-12-25T14:08:00.188839,40.8,917470052352,166169149440,751300902912
2025-12-25T14:08:01.191983,36.8,917470052352,166173081600,751296970752
2025-12-25T14:08:02.195400,42.3,917470052352,166179176448,751290875904
2025-12-25T14:08:03.198439,40.8,917470052352,166180945920,751289106432
2025-12-25T14:08:04.201906,40.4,917470052352,166181928960,751288123392
2025-12-25T14:08:05.204941,39.5,917470052352,166183895040,751286157312
2025-12-25T14:08:06.207703,40.4,917470052352,166204342272,751265710080
2025-12-25T14:08:07.211521,39.2,917470052352,166215548928,751254503424
2025-12-25T14:08:08.214888,39.5,917470052352,166262931456,751207120896
2025-12-25T14:08:09.218137,39.8,917470052352,166260375552,751209676800
2025-12-25T14:08:10.221143,40.7,917470052352,166264897536,751205154816
2025-12-25T14:08:11.223931,39.5,917470052352,166276104192,751193948160
2025-12-25T14:08:12.226994,40.5,917470052352,166279249920,751190802432
2025-12-25T14:08:13.229880,39.6,917470052352,166817890304,750652162048
2025-12-25T14:08:14.232782,42.3,917470052352,166819856384,750650195968
2025-12-25T14:08:15.235663,40.4,917470052352,166821822464,750648229888
2025-12-25T14:08:16.239015,40.4,917470052352,166823985152,750646067200
2025-12-25T14:08:17.242165,41.3,917470052352,166827130880,750642921472
2025-12-25T14:08:18.245071,39.7,917470052352,166845022208,750625030144
2025-12-25T14:08:19.248663,38.1,917470052352,166318505984,751151546368
2025-12-25T14:08:20.251640,40.8,917470052352,166321258496,751148793856
2025-12-25T14:08:21.254657,39.8,917470052352,166324600832,751145451520
2025-12-25T14:08:22.257612,38.9,917470052352,166328729600,751141322752
2025-12-25T14:08:23.260444,37.3,917470052352,166316670976,751153381376
2025-12-25T14:08:24.263121,40.1,917470052352,166316867584,751153184768
2025-12-25T14:08:25.266184,39.9,917470052352,166318243840,751151808512
2025-12-25T14:08:26.269213,40.7,917470052352,166330040320,751140012032
2025-12-25T14:08:27.272501,40.1,917470052352,166339477504,751130574848
2025-12-25T14:08:28.275295,37.7,917470052352,166343802880,751126249472
2025-12-25T14:08:29.278403,38.6,917470052352,166347145216,751122907136
2025-12-25T14:08:30.281278,39.3,917470052352,166367002624,751103049728
2025-12-25T14:08:31.284869,41.3,917470052352,166373883904,751096168448
2025-12-25T14:08:32.287915,39.1,917470052352,166378602496,751091449856
2025-12-25T14:08:33.291459,39.4,917470052352,166380175360,751089876992
2025-12-25T14:08:34.294583,40.1,917470052352,166380371968,751089680384
2025-12-25T14:08:35.297961,38.0,917470052352,166380765184,751089287168
2025-12-25T14:08:36.301013,40.7,917470052352,166385680384,751084371968
2025-12-25T14:08:37.304014,41.6,917470052352,166388629504,751081422848
2025-12-25T14:08:38.307410,37.8,917470052352,166417137664,751052914688
2025-12-25T14:08:39.310164,39.4,917470052352,166418120704,751051931648
2025-12-25T14:08:40.312908,40.3,917470052352,166421069824,751048982528
2025-12-25T14:08:41.315473,39.1,917470052352,166424608768,751045443584
2025-12-25T14:08:42.318050,41.6,917470052352,166436798464,751033253888
2025-12-25T14:08:43.320740,38.4,917470052352,166453903360,751016148992
2025-12-25T14:08:44.323276,38.9,917470052352,166456655872,751013396480
2025-12-25T14:08:45.325841,38.1,917470052352,166457835520,751012216832
2025-12-25T14:08:46.329161,38.2,917470052352,166459604992,751010447360
2025-12-25T14:08:47.331799,39.7,917470052352,166470418432,750999633920
2025-12-25T14:08:48.334732,40.0,917470052352,166473170944,750996881408
2025-12-25T14:08:49.337836,40.6,917470052352,166476709888,750993342464
2025-12-25T14:08:50.341103,38.7,917470052352,166480642048,750989410304
2025-12-25T14:08:51.344007,42.0,917470052352,166492438528,750977613824
2025-12-25T14:08:58.038249,0.0,917470052352,129336279040,788133773312
2025-12-25T14:08:59.040026,0.2,917470052352,129395589120,788074463232
2025-12-25T14:09:00.041459,0.0,917470052352,129400635392,788069416960
2025-12-25T14:09:01.042863,0.0,917470052352,129402208256,788067844096
2025-12-25T14:09:02.044280,0.0,917470052352,129403191296,788066861056
2025-12-25T14:09:03.045821,1.0,917470052352,129530396672,787939655680
2025-12-25T14:09:04.047494,1.3,917470052352,129622605824,787847446528
2025-12-25T14:09:05.049161,0.6,917470052352,129681784832,787788267520
2025-12-25T14:09:06.050688,1.8,917470052352,129723465728,787746586624
2025-12-25T14:09:07.052109,0.4,917470052352,129792278528,787677773824
2025-12-25T14:09:08.053728,0.4,917470052352,129941307392,787528744960
2025-12-25T14:09:09.055541,0.3,917470052352,130939813888,786530238464
2025-12-25T14:09:10.057521,0.2,917470052352,134023282688,783446769664
2025-12-25T14:09:11.059409,0.4,917470052352,138391519232,779078533120
2025-12-25T14:09:12.061117,0.4,917470052352,142792785920,774677266432
2025-12-25T14:09:13.062770,0.4,917470052352,147218825216,770251227136
2025-12-25T14:09:14.064363,0.4,917470052352,151644864512,765825187840
2025-12-25T14:09:15.066942,3.1,917470052352,226929541120,690540511232
2025-12-25T14:09:16.070034,55.4,917470052352,213265678336,704204374016
2025-12-25T14:09:17.072611,11.4,917470052352,182777282560,734692769792
2025-12-25T14:09:18.074497,0.4,917470052352,182793797632,734676254720
2025-12-25T14:09:19.076049,0.5,917470052352,181763702784,735706349568
2025-12-25T14:09:20.077770,0.4,917470052352,180756021248,736714031104
2025-12-25T14:09:21.080127,29.3,917470052352,172334186496,745135865856
2025-12-25T14:09:22.083172,3.3,917470052352,171838537728,745631514624
2025-12-25T14:09:23.086028,39.0,917470052352,171318640640,746151411712
2025-12-25T14:09:24.088803,39.6,917470052352,169193832448,748276219904
2025-12-25T14:09:25.091754,37.7,917470052352,168149975040,749320077312
2025-12-25T14:09:26.094538,37.6,917470052352,168175534080,749294518272
2025-12-25T14:09:27.097416,39.2,917470052352,167091896320,750378156032
2025-12-25T14:09:28.100578,37.8,917470052352,166574030848,750896021504
2025-12-25T14:09:29.103557,37.2,917470052352,166060687360,751409364992
2025-12-25T14:09:30.106934,29.5,917470052352,165128568832,752341483520
2025-12-25T14:09:31.109864,39.0,917470052352,165217828864,752252223488
2025-12-25T14:09:32.113230,39.2,917470052352,165227069440,752242982912
2025-12-25T14:09:33.116272,37.9,917470052352,165252825088,752217227264
2025-12-25T14:09:34.119455,41.3,917470052352,165259902976,752210149376
2025-12-25T14:09:35.122367,41.4,917470052352,165280940032,752189112320
2025-12-25T14:09:36.125395,39.7,917470052352,165694275584,751775776768
2025-12-25T14:09:37.128542,39.3,917470052352,165698797568,751771254784
2025-12-25T14:09:38.131367,38.8,917470052352,165735956480,751734095872
2025-12-25T14:09:39.134229,37.8,917470052352,165751095296,751718957056
2025-12-25T14:09:40.137428,38.0,917470052352,165753847808,751716204544
2025-12-25T14:09:41.140444,37.3,917470052352,165778685952,751691366400
2025-12-25T14:09:42.143606,39.3,917470052352,165779668992,751690383360
2025-12-25T14:09:43.146784,39.0,917470052352,165791072256,751678980096
2025-12-25T14:09:44.149915,41.0,917470052352,165792645120,751677407232
2025-12-25T14:09:45.152878,40.4,917470052352,165795201024,751674851328
2025-12-25T14:09:46.155726,39.0,917470052352,165810536448,751659515904
2025-12-25T14:09:47.159017,39.7,917470052352,165812895744,751657156608
2025-12-25T14:09:48.162100,37.9,917470052352,165817810944,751652241408
2025-12-25T14:09:49.168493,40.2,917470052352,165821546496,751648505856
2025-12-25T14:09:50.171630,43.3,917470052352,165826265088,751643787264
2025-12-25T14:09:51.174911,27.7,917470052352,165873582080,751596470272
2025-12-25T14:09:52.177623,31.7,917470052352,165965070336,751504982016
2025-12-25T14:09:53.180502,42.3,917470052352,165965266944,751504785408
2025-12-25T14:09:54.183877,40.0,917470052352,165967233024,751502819328
2025-12-25T14:09:55.187117,37.0,917470052352,165965856768,751504195584
2025-12-25T14:09:56.190387,38.6,917470052352,165975293952,751494758400
2025-12-25T14:09:57.193670,41.8,917470052352,165977653248,751492399104
2025-12-25T14:09:58.196526,40.8,917470052352,165989842944,751480209408
2025-12-25T14:09:59.199364,39.5,917470052352,165992398848,751477653504
2025-12-25T14:10:00.202711,41.3,917470052352,165995151360,751474900992
2025-12-25T14:10:01.205824,40.1,917470052352,165997707264,751472345088
2025-12-25T14:10:02.208857,24.8,917470052352,166116589568,751353462784
2025-12-25T14:10:03.211551,33.2,917470052352,166035390464,751434661888
2025-12-25T14:10:04.214713,39.9,917470052352,166038339584,751431712768
2025-12-25T14:10:05.217441,38.5,917470052352,166048563200,751421489152
2025-12-25T14:10:06.220203,39.7,917470052352,166053478400,751416573952
2025-12-25T14:10:07.223234,39.0,917470052352,166058786816,751411265536
2025-12-25T14:10:08.225807,39.3,917470052352,166124060672,751345991680
2025-12-25T14:10:09.228945,42.3,917470052352,166127992832,751342059520
2025-12-25T14:10:10.231668,39.4,917470052352,166132121600,751337930752
2025-12-25T14:10:11.234657,40.1,917470052352,166151389184,751318663168
2025-12-25T14:10:12.237227,38.5,917470052352,166154731520,751315320832
2025-12-25T14:10:13.240092,29.4,917470052352,166215417856,751254634496
2025-12-25T14:10:14.242775,41.0,917470052352,166215811072,751254241280
2025-12-25T14:10:15.246135,39.9,917470052352,166217383936,751252668416
2025-12-25T14:10:16.249134,37.9,917470052352,166220136448,751249915904
2025-12-25T14:10:17.252424,38.5,917470052352,166221512704,751248539648
2025-12-25T14:10:18.255787,39.1,917470052352,166224068608,751245983744
2025-12-25T14:10:19.259031,40.1,917470052352,166190645248,751279407104
2025-12-25T14:10:20.262400,36.9,917470052352,166217777152,751252275200
2025-12-25T14:10:21.265567,40.5,917470052352,166219546624,751250505728
2025-12-25T14:10:22.268451,39.7,917470052352,166223085568,751246966784
2025-12-25T14:10:23.271485,41.0,917470052352,166224855040,751245197312
2025-12-25T14:10:24.274546,37.4,917470052352,166123667456,751346384896
2025-12-25T14:10:25.277362,41.3,917470052352,166123864064,751346188288
2025-12-25T14:10:26.281575,43.2,917470052352,166124847104,751345205248
2025-12-25T14:10:27.284694,40.0,917470052352,166130352128,751339700224
2025-12-25T14:10:28.288401,39.1,917470052352,166140772352,751329280000
2025-12-25T14:10:29.291456,40.9,917470052352,166144507904,751325544448
2025-12-25T14:10:30.294198,41.1,917470052352,166148636672,751321415680
2025-12-25T14:10:31.297036,41.4,917470052352,166152568832,751317483520
2025-12-25T14:10:32.299748,41.6,917470052352,166174392320,751295660032
2025-12-25T14:10:33.302727,38.6,917470052352,166176948224,751293104128
2025-12-25T14:10:34.305716,38.3,917470052352,166178914304,751291138048
2025-12-25T14:10:35.308899,38.8,917470052352,166180880384,751289171968
2025-12-25T14:10:36.311650,38.1,917470052352,166198181888,751271870464
2025-12-25T14:10:37.314435,37.7,917470052352,166203686912,751266365440
2025-12-25T14:10:38.317549,41.5,917470052352,166259916800,751210135552
2025-12-25T14:10:39.320590,40.8,917470052352,166263455744,751206596608
2025-12-25T14:10:40.324341,38.4,917470052352,166268370944,751201681408
2025-12-25T14:10:41.327671,40.6,917470052352,166272499712,751197552640
2025-12-25T14:10:42.330534,38.5,917470052352,166274269184,751195783168
2025-12-25T14:10:43.334304,40.9,917470052352,166276038656,751194013696
2025-12-25T14:10:49.568403,0.0,917470052352,129250689024,788219363328
2025-12-25T14:10:50.570115,1.8,917470052352,129308622848,788161429504
2025-12-25T14:10:51.571525,0.0,917470052352,129308622848,788161429504
2025-12-25T14:10:52.572860,0.0,917470052352,129308622848,788161429504
2025-12-25T14:10:53.574177,0.0,917470052352,129308622848,788161429504
2025-12-25T14:10:54.575732,1.7,917470052352,129424228352,788045824000
2025-12-25T14:10:55.577445,0.4,917470052352,129531576320,787938476032
2025-12-25T14:10:56.578981,0.4,917470052352,129600192512,787869859840
2025-12-25T14:10:57.580591,1.8,917470052352,129657995264,787812057088
2025-12-25T14:10:58.582340,0.4,917470052352,129740570624,787729481728
2025-12-25T14:10:59.584209,0.4,917470052352,129806630912,787663421440
2025-12-25T14:11:00.585880,0.3,917470052352,130357788672,787112263680
2025-12-25T14:11:01.587756,0.4,917470052352,134684737536,782785314816
2025-12-25T14:11:02.589602,0.4,917470052352,139209867264,778260185088
2025-12-25T14:11:03.591440,0.4,917470052352,143685451776,773784600576
2025-12-25T14:11:04.593280,0.6,917470052352,148210581504,769259470848
2025-12-25T14:11:05.595029,0.4,917470052352,152694423552,764775628800
2025-12-25T14:11:06.597452,28.1,917470052352,245944287232,671525765120
2025-12-25T14:11:07.600370,28.7,917470052352,186114441216,731355611136
2025-12-25T14:11:08.602610,0.4,917470052352,185147654144,732322398208
2025-12-25T14:11:09.604306,0.4,917470052352,185157484544,732312567808
2025-12-25T14:11:10.605983,0.5,917470052352,183708483584,733761568768
2025-12-25T14:11:11.608515,10.0,917470052352,180648345600,736821706752
2025-12-25T14:11:12.611121,20.9,917470052352,173753106432,743716945920
2025-12-25T14:11:13.613838,19.9,917470052352,173763723264,743706329088
2025-12-25T14:11:14.616828,39.9,917470052352,171600707584,745869344768
2025-12-25T14:11:15.620274,40.6,917470052352,169999728640,747470323712
2025-12-25T14:11:16.623474,41.6,917470052352,169469673472,748000378880
2025-12-25T14:11:17.626578,42.9,917470052352,168952922112,748517130240
2025-12-25T14:11:18.629950,41.0,917470052352,168429551616,749040500736
2025-12-25T14:11:19.633389,40.6,917470052352,168441937920,749028114432
2025-12-25T14:11:20.636306,33.9,917470052352,165838782464,751631269888
2025-12-25T14:11:21.639307,40.4,917470052352,165840355328,751629697024
2025-12-25T14:11:22.642181,39.0,917470052352,165842124800,751627927552
2025-12-25T14:11:23.645747,40.0,917470052352,165863161856,751606890496
2025-12-25T14:11:24.648968,39.5,917470052352,165868077056,751601975296
2025-12-25T14:11:25.651724,40.4,917470052352,165882232832,751587819520
2025-12-25T14:11:26.655391,40.4,917470052352,165888131072,751581921280
2025-12-25T14:11:27.659035,39.1,917470052352,165900910592,751569141760
2025-12-25T14:11:28.662412,40.8,917470052352,164837588992,752632463360
2025-12-25T14:11:29.665218,40.4,917470052352,164870815744,752599236608
2025-12-25T14:11:30.668330,44.2,917470052352,164882219008,752587833344
2025-12-25T14:11:31.671853,32.1,917470052352,164945723392,752524328960
2025-12-25T14:11:32.674700,40.2,917470052352,164970496000,752499556352
2025-12-25T14:11:33.677801,39.6,917470052352,164971479040,752498573312
2025-12-25T14:11:34.680645,37.6,917470052352,164972658688,752497393664
2025-12-25T14:11:35.684498,40.8,917470052352,164982292480,752487759872
2025-12-25T14:11:36.687296,41.9,917470052352,164987404288,752482648064
2025-12-25T14:11:37.690503,40.9,917470052352,164992909312,752477143040
2025-12-25T14:11:38.693286,39.6,917470052352,165514051584,751956000768
2025-12-25T14:11:39.696267,40.1,917470052352,165519360000,751950692352
2025-12-25T14:11:40.699291,40.8,917470052352,165524471808,751945580544
2025-12-25T14:11:41.702819,36.6,917470052352,165930926080,751539126272
2025-12-25T14:11:42.705325,30.9,917470052352,166393675776,751076376576
2025-12-25T14:11:43.708191,40.2,917470052352,166394658816,751075393536
2025-12-25T14:11:44.711007,40.9,917470052352,166417268736,751052783616
2025-12-25T14:11:45.713669,41.7,917470052352,166423363584,751046688768
2025-12-25T14:11:46.716518,40.3,917470052352,166427885568,751042166784
2025-12-25T14:11:47.719100,42.7,917470052352,166433390592,751036661760
2025-12-25T14:11:48.722128,41.6,917470052352,166439288832,751030763520
2025-12-25T14:11:49.724894,40.6,917470052352,166443417600,751026634752
2025-12-25T14:11:50.728499,41.5,917470052352,166449119232,751020933120
2025-12-25T14:11:51.732074,40.4,917470052352,166452658176,751017394176
2025-12-25T14:11:52.735628,36.0,917470052352,166461177856,751008874496
2025-12-25T14:11:53.738640,41.3,917470052352,166462357504,751007694848
2025-12-25T14:11:54.742433,41.3,917470052352,166465110016,751004942336
2025-12-25T14:11:55.745988,38.8,917470052352,166469435392,751000616960
2025-12-25T14:11:56.748985,38.4,917470052352,166490669056,750979383296
2025-12-25T14:11:57.751717,40.8,917470052352,166494601216,750975451136
2025-12-25T14:11:58.755103,38.1,917470052352,166500499456,750969552896
2025-12-25T14:11:59.758181,39.4,917470052352,166505152512,750964899840
2025-12-25T14:12:00.761477,39.2,917470052352,166515376128,750954676224
2025-12-25T14:12:01.764643,40.5,917470052352,166526386176,750943666176
2025-12-25T14:12:02.767727,38.4,917470052352,166529531904,750940520448
2025-12-25T14:12:03.770936,41.9,917470052352,166529925120,750940127232
2025-12-25T14:12:04.774135,39.4,917470052352,166533070848,750936981504
2025-12-25T14:12:05.776966,40.1,917470052352,166536609792,750933442560
2025-12-25T14:12:06.779784,41.4,917470052352,166539952128,750930100224
2025-12-25T14:12:07.783537,40.0,917470052352,166541524992,750928527360
2025-12-25T14:12:08.786715,40.2,917470052352,166615449600,750854602752
2025-12-25T14:12:09.789850,40.4,917470052352,166621741056,750848311296
2025-12-25T14:12:10.793203,38.6,917470052352,166627639296,750842413056
2025-12-25T14:12:11.796557,40.5,917470052352,166633930752,750836121600
2025-12-25T14:12:12.799148,39.6,917470052352,166639828992,750830223360
2025-12-25T14:12:13.802325,39.3,917470052352,166641401856,750828650496
2025-12-25T14:12:14.805252,40.4,917470052352,166643171328,750826881024
2025-12-25T14:12:15.808323,39.9,917470052352,166646906880,750823145472
2025-12-25T14:12:16.811345,40.2,917470052352,166648086528,750821965824
2025-12-25T14:12:17.814470,40.8,917470052352,166652608512,750817443840
2025-12-25T14:12:18.818065,42.4,917470052352,166654967808,750815084544
2025-12-25T14:12:19.821151,39.3,917470052352,166661062656,750808989696
2025-12-25T14:12:20.824111,41.2,917470052352,166678953984,750791098368
2025-12-25T14:12:21.827248,41.8,917470052352,166683082752,750786969600
2025-12-25T14:12:22.830346,39.5,917470052352,166688587776,750781464576
2025-12-25T14:12:23.834119,40.0,917470052352,166690160640,750779891712
2025-12-25T14:12:24.836931,40.1,917470052352,166691143680,750778908672
2025-12-25T14:12:25.840194,42.2,917470052352,166693896192,750776156160
2025-12-25T14:12:26.843336,42.3,917470052352,166696058880,750773993472
2025-12-25T14:12:27.846291,39.7,917470052352,166699991040,750770061312
2025-12-25T14:12:28.849924,39.1,917470052352,166703923200,750766129152
2025-12-25T14:12:29.852863,41.0,917470052352,166708838400,750761213952
2025-12-25T14:12:30.855681,40.8,917470052352,166711984128,750758068224
2025-12-25T14:12:31.859475,39.3,917470052352,166716112896,750753939456
2025-12-25T14:12:32.862439,38.5,917470052352,166735183872,750734868480
2025-12-25T14:12:39.487715,0.0,917470052352,130075656192,787394396160
2025-12-25T14:12:40.489390,0.1,917470052352,130148335616,787321716736
2025-12-25T14:12:41.490741,0.2,917470052352,130149318656,787320733696
2025-12-25T14:12:42.492030,0.0,917470052352,130150694912,787319357440
2025-12-25T14:12:43.493281,0.0,917470052352,130152071168,787317981184
2025-12-25T14:12:44.494885,1.7,917470052352,130293235712,787176816640
2025-12-25T14:12:45.496453,0.4,917470052352,130388393984,787081658368
2025-12-25T14:12:46.497900,0.4,917470052352,130439118848,787030933504
2025-12-25T14:12:47.499483,1.7,917470052352,130505179136,786964873216
2025-12-25T14:12:48.501147,0.4,917470052352,130575368192,786894684160
2025-12-25T14:12:49.502750,0.4,917470052352,130654339072,786815713280
2025-12-25T14:12:50.504340,0.2,917470052352,131255762944,786214289408
2025-12-25T14:12:51.506210,0.3,917470052352,134717636608,782752415744
2025-12-25T14:12:52.508209,2.0,917470052352,139218976768,778251075584
2025-12-25T14:12:53.510412,0.6,917470052352,143687483392,773782568960
2025-12-25T14:12:54.512571,0.6,917470052352,148214185984,769255866368
2025-12-25T14:12:55.514734,0.4,917470052352,152707465216,764762587136
2025-12-25T14:12:56.517176,16.9,917470052352,265000648704,652469403648
2025-12-25T14:12:57.520106,58.0,917470052352,204494995456,712975056896
2025-12-25T14:12:58.522755,6.0,917470052352,196903829504,720566222848
2025-12-25T14:12:59.524653,0.5,917470052352,196905009152,720565043200
2025-12-25T14:13:00.526459,0.5,917470052352,196440162304,721029890048
2025-12-25T14:13:01.528912,15.6,917470052352,186966736896,730503315456
2025-12-25T14:13:02.531619,15.7,917470052352,181706293248,735763759104
2025-12-25T14:13:03.534088,23.8,917470052352,180643758080,736826294272
2025-12-25T14:13:04.537049,37.3,917470052352,178516787200,738953265152
2025-12-25T14:13:05.540179,37.9,917470052352,175858384896,741611667456
2025-12-25T14:13:06.542848,37.6,917470052352,174252818432,743217233920
2025-12-25T14:13:07.545719,40.5,917470052352,173728464896,743741587456
2025-12-25T14:13:08.548512,40.0,917470052352,173203259392,744266792960
2025-12-25T14:13:09.551357,41.2,917470052352,171078189056,746391863296
2025-12-25T14:13:10.554602,43.0,917470052352,167835271168,749634781184
2025-12-25T14:13:11.557435,30.1,917470052352,167313014784,750157037568
2025-12-25T14:13:12.560285,39.3,917470052352,167315963904,750154088448
2025-12-25T14:13:13.563212,39.3,917470052352,167322845184,750147207168
2025-12-25T14:13:14.566108,41.4,917470052352,167331299328,750138753024
2025-12-25T14:13:15.569003,36.9,917470052352,167357054976,750112997376
2025-12-25T14:13:16.571885,41.3,917470052352,167363739648,750106312704
2025-12-25T14:13:17.574804,40.7,917470052352,167370817536,750099234816
2025-12-25T14:13:18.577819,37.5,917470052352,167394541568,750075510784
2025-12-25T14:13:19.580828,39.6,917470052352,167419510784,750050541568
2025-12-25T14:13:20.583893,38.5,917470052352,167425212416,750044839936
2025-12-25T14:13:21.587009,34.3,917470052352,166482149376,750987902976
2025-12-25T14:13:22.590085,38.7,917470052352,166489423872,750980628480
2025-12-25T14:13:23.593081,38.4,917470052352,166492569600,750977482752
2025-12-25T14:13:24.596025,36.3,917470052352,166495322112,750974730240
2025-12-25T14:13:25.598924,39.5,917470052352,166497091584,750972960768
2025-12-25T14:13:26.601816,39.9,917470052352,166514786304,750955266048
2025-12-25T14:13:27.604952,39.1,917470052352,166519701504,750950350848
2025-12-25T14:13:28.607921,39.2,917470052352,166524223488,750945828864
2025-12-25T14:13:29.610862,41.5,917470052352,166530318336,750939734016
2025-12-25T14:13:30.614059,40.6,917470052352,166534250496,750935801856
2025-12-25T14:13:31.617271,36.1,917470052352,166546046976,750924005376
2025-12-25T14:13:32.620170,38.7,917470052352,166547226624,750922825728
2025-12-25T14:13:33.623202,40.1,917470052352,166567870464,750902181888
2025-12-25T14:13:34.626123,40.1,917470052352,166579470336,750890582016
2025-12-25T14:13:35.629267,37.9,917470052352,166590480384,750879571968
2025-12-25T14:13:36.632280,37.7,917470052352,166597558272,750872494080
2025-12-25T14:13:37.635479,39.4,917470052352,166602473472,750867578880
2025-12-25T14:13:38.638304,37.8,917470052352,166667747328,750802305024
2025-12-25T14:13:39.641389,40.2,917470052352,166680723456,750789328896
2025-12-25T14:13:40.644255,39.5,917470052352,166686228480,750783823872
2025-12-25T14:13:41.647142,39.5,917470052352,166936838144,750533214208
2025-12-25T14:13:42.649787,32.3,917470052352,166974652416,750495399936
2025-12-25T14:13:43.652967,38.3,917470052352,166974849024,750495203328
2025-12-25T14:13:44.656580,38.6,917470052352,166975832064,750494220288
2025-12-25T14:13:45.659540,39.1,917470052352,166976815104,750493237248
2025-12-25T14:13:46.662535,38.0,917470052352,166992347136,750477705216
2025-12-25T14:13:47.665504,38.9,917470052352,166993723392,750476328960
2025-12-25T14:13:48.668540,40.5,917470052352,166995296256,750474756096
2025-12-25T14:13:49.671220,37.5,917470052352,166996082688,750473969664
2025-12-25T14:13:50.674028,40.0,917470052352,167003357184,750466695168
2025-12-25T14:13:51.677211,36.6,917470052352,167006109696,750463942656
2025-12-25T14:13:52.680287,39.8,917470052352,167008665600,750461386752
2025-12-25T14:13:53.683179,38.5,917470052352,167008862208,750461190144
2025-12-25T14:13:54.686388,38.2,917470052352,167009452032,750460600320
2025-12-25T14:13:55.689229,37.1,917470052352,167010238464,750459813888
2025-12-25T14:13:56.692300,38.0,917470052352,167012007936,750458044416
2025-12-25T14:13:57.694842,38.0,917470052352,167014170624,750455881728
2025-12-25T14:13:58.697915,37.7,917470052352,167038746624,750431305728
2025-12-25T14:13:59.701143,38.6,917470052352,167040909312,750429143040
2025-12-25T14:14:00.704821,38.6,917470052352,167044448256,750425604096
2025-12-25T14:14:01.708126,37.6,917470052352,167047397376,750422654976
2025-12-25T14:14:02.710963,39.1,917470052352,167049363456,750420688896
2025-12-25T14:14:03.713699,31.2,917470052352,167115620352,750354432000
2025-12-25T14:14:04.716512,37.7,917470052352,167115816960,750354235392
2025-12-25T14:14:05.719258,39.1,917470052352,167116800000,750353252352
2025-12-25T14:14:06.722369,39.1,917470052352,167119552512,750350499840
2025-12-25T14:14:07.725647,39.2,917470052352,167121715200,750348337152
2025-12-25T14:14:08.729086,38.7,917470052352,167175979008,750294073344
2025-12-25T14:14:09.732051,38.2,917470052352,167179714560,750290337792
2025-12-25T14:14:10.735452,40.8,917470052352,167201538048,750268514304
2025-12-25T14:14:11.739052,38.6,917470052352,167205863424,750264188928
2025-12-25T14:14:12.741968,36.8,917470052352,167208615936,750261436416
2025-12-25T14:14:13.744875,37.8,917470052352,167223164928,750246887424
2025-12-25T14:14:14.748385,36.4,917470052352,167255801856,750214250496
2025-12-25T14:14:15.751353,38.1,917470052352,167256784896,750213267456
2025-12-25T14:14:16.754513,38.5,917470052352,167258554368,750211497984
2025-12-25T14:14:17.757284,38.8,917470052352,167259930624,750210121728
2025-12-25T14:14:18.759948,39.5,917470052352,167262093312,750207959040
2025-12-25T14:14:19.763136,39.1,917470052352,167264256000,750205796352
2025-12-25T14:14:20.766102,40.7,917470052352,167266418688,750203633664
2025-12-25T14:14:27.390534,0.0,917470052352,130330394624,787139657728
2025-12-25T14:14:28.392147,0.1,917470052352,130405040128,787065012224
2025-12-25T14:14:29.393482,0.0,917470052352,130405826560,787064225792
2025-12-25T14:14:30.394868,0.2,917470052352,130406612992,787063439360
2025-12-25T14:14:31.396229,0.0,917470052352,130407596032,787062456320
2025-12-25T14:14:32.397685,1.5,917470052352,130531655680,786938396672
2025-12-25T14:14:33.399128,0.5,917470052352,130627993600,786842058752
2025-12-25T14:14:34.400630,0.4,917470052352,130686779392,786783272960
2025-12-25T14:14:35.402135,1.9,917470052352,130750480384,786719571968
2025-12-25T14:14:36.403720,0.4,917470052352,130811035648,786659016704
2025-12-25T14:14:37.405305,0.4,917470052352,130906193920,786563858432
2025-12-25T14:14:38.406971,0.8,917470052352,132113432576,785356619776
2025-12-25T14:14:39.408741,0.2,917470052352,135217545216,782252507136
2025-12-25T14:14:40.410626,0.5,917470052352,139654594560,777815457792
2025-12-25T14:14:41.412481,0.4,917470052352,144098328576,773371723776
2025-12-25T14:14:42.414250,0.4,917470052352,148608319488,768861732864
2025-12-25T14:14:43.416092,0.4,917470052352,153059131392,764410920960
2025-12-25T14:14:44.418695,4.8,917470052352,231230799872,686239252480
2025-12-25T14:14:45.422145,51.2,917470052352,213307424768,704162627584
2025-12-25T14:14:46.426776,31.2,917470052352,188225159168,729244893184
2025-12-25T14:14:47.428769,0.4,917470052352,188229484544,729240567808
2025-12-25T14:14:48.430348,0.4,917470052352,188237938688,729232113664
2025-12-25T14:14:49.432052,0.4,917470052352,186189873152,731280179200
2025-12-25T14:14:50.434406,10.4,917470052352,180963835904,736506216448
2025-12-25T14:14:51.436722,20.1,917470052352,172480397312,744989655040
2025-12-25T14:14:52.439088,25.6,917470052352,168269774848,749200277504
2025-12-25T14:14:53.441997,41.6,917470052352,166690684928,750779367424
2025-12-25T14:14:54.444824,38.4,917470052352,166167904256,751302148096
2025-12-25T14:14:55.447476,40.0,917470052352,166180290560,751289761792
2025-12-25T14:14:56.450353,39.1,917470052352,166192480256,751277572096
2025-12-25T14:14:57.453305,40.1,917470052352,166196805632,751273246720
2025-12-25T14:14:58.456441,37.6,917470052352,166217842688,751252209664
2025-12-25T14:14:59.459400,23.7,917470052352,166243205120,751226847232
2025-12-25T14:15:00.462866,37.5,917470052352,166245367808,751224684544
2025-12-25T14:15:01.466018,40.6,917470052352,166247137280,751222915072
2025-12-25T14:15:02.469018,40.5,917470052352,166259523584,751210528768
2025-12-25T14:15:03.471913,37.5,917470052352,166264045568,751206006784
2025-12-25T14:15:04.475048,35.3,917470052352,166276235264,751193817088
2025-12-25T14:15:05.477788,39.7,917470052352,166289014784,751181037568
2025-12-25T14:15:06.480881,39.1,917470052352,166293143552,751176908800
2025-12-25T14:15:07.483984,39.9,917470052352,166305726464,751164325888
2025-12-25T14:15:08.487047,38.1,917470052352,166418579456,751051472896
2025-12-25T14:15:09.490160,38.2,917470052352,166430965760,751039086592
2025-12-25T14:15:10.493142,14.1,917470052352,166459932672,751010119680
2025-12-25T14:15:11.496102,39.0,917470052352,166485098496,750984953856
2025-12-25T14:15:12.499017,38.7,917470052352,166494142464,750975909888
2025-12-25T14:15:13.501940,40.1,917470052352,166495322112,750974730240
2025-12-25T14:15:14.505133,41.0,917470052352,166505152512,750964899840
2025-12-25T14:15:15.508337,39.9,917470052352,166506528768,750963523584
2025-12-25T14:15:16.511374,39.9,917470052352,166535823360,750934228992
2025-12-25T14:15:17.513992,38.3,917470052352,166557057024,750912995328
2025-12-25T14:15:18.517788,41.7,917470052352,166574948352,750895104000
2025-12-25T14:15:19.520794,41.1,917470052352,166586351616,750883700736
2025-12-25T14:15:20.523515,36.5,917470052352,167018037248,750452015104
2025-12-25T14:15:21.526224,26.7,917470052352,166713163776,750756888576
2025-12-25T14:15:22.529143,39.0,917470052352,166713163776,750756888576
2025-12-25T14:15:23.532160,42.3,917470052352,166746783744,750723268608
2025-12-25T14:15:24.535276,40.9,917470052352,166748749824,750721302528
2025-12-25T14:15:25.538124,39.0,917470052352,166751698944,750718353408
2025-12-25T14:15:26.541300,41.1,917470052352,166753861632,750716190720
2025-12-25T14:15:27.544216,41.7,917470052352,166756024320,750714028032
2025-12-25T14:15:28.547321,42.4,917470052352,166758187008,750711865344
2025-12-25T14:15:29.550395,39.8,917470052352,166761332736,750708719616
2025-12-25T14:15:30.553567,38.6,917470052352,166789054464,750680997888
2025-12-25T14:15:31.556935,31.6,917470052352,167263797248,750206255104
2025-12-25T14:15:32.559614,38.4,917470052352,166958465024,750511587328
2025-12-25T14:15:33.563372,38.1,917470052352,166968098816,750501953536
2025-12-25T14:15:34.566398,39.7,917470052352,166969671680,750500380672
2025-12-25T14:15:35.570274,39.4,917470052352,166988742656,750481309696
2025-12-25T14:15:36.573601,38.8,917470052352,166992281600,750477770752
2025-12-25T14:15:37.576460,41.0,917470052352,166993461248,750476591104
2025-12-25T14:15:38.579612,41.3,917470052352,166970064896,750499987456
2025-12-25T14:15:39.582825,39.8,917470052352,166972620800,750497431552
2025-12-25T14:15:40.585873,39.3,917470052352,166983630848,750486421504
2025-12-25T14:15:41.588913,37.2,917470052352,166994247680,750475804672
2025-12-25T14:15:42.592701,41.5,917470052352,166995820544,750474231808
2025-12-25T14:15:43.595534,42.3,917470052352,166996213760,750473838592
2025-12-25T14:15:44.598585,41.0,917470052352,167493894144,749976158208
2025-12-25T14:15:45.602050,42.2,917470052352,167495073792,749974978560
2025-12-25T14:15:46.605178,40.4,917470052352,167497826304,749972226048
2025-12-25T14:15:47.608129,39.9,917470052352,167519059968,749950992384
2025-12-25T14:15:48.611034,37.5,917470052352,167523188736,749946863616
2025-12-25T14:15:49.614107,40.4,917470052352,167535575040,749934477312
2025-12-25T14:15:50.617232,38.8,917470052352,167540883456,749929168896
2025-12-25T14:15:51.619999,40.2,917470052352,167544029184,749926023168
2025-12-25T14:15:52.623697,41.8,917470052352,167548551168,749921501184
2025-12-25T14:15:53.626936,41.7,917470052352,167549337600,749920714752
2025-12-25T14:15:54.630496,41.6,917470052352,167551893504,749918158848
2025-12-25T14:15:55.633336,40.5,917470052352,167553466368,749916585984
2025-12-25T14:15:56.636329,41.4,917470052352,167555039232,749915013120
2025-12-25T14:15:57.640829,40.4,917470052352,167561134080,749908918272
2025-12-25T14:15:58.644467,41.2,917470052352,167564279808,749905772544
2025-12-25T14:15:59.647708,39.9,917470052352,167589642240,749880410112
2025-12-25T14:16:00.651546,39.0,917470052352,167594557440,749875494912
2025-12-25T14:16:01.655391,40.8,917470052352,167599669248,749870383104
2025-12-25T14:16:02.658931,40.8,917470052352,167603994624,749866057728
2025-12-25T14:16:03.662273,40.0,917470052352,167604977664,749865074688
2025-12-25T14:16:04.666132,40.6,917470052352,167607140352,749862912000
2025-12-25T14:16:05.669905,40.8,917470052352,167609106432,749860945920
2025-12-25T14:16:06.673633,41.5,917470052352,167613628416,749856423936
2025-12-25T14:16:07.676943,40.8,917470052352,167616970752,749853081600
2025-12-25T14:16:08.680664,39.2,917470052352,167672807424,749797244928
2025-12-25T14:16:09.684226,41.0,917470052352,167678312448,749791739904
2025-12-25T14:16:10.687813,40.1,917470052352,167684014080,749786038272
2025-12-25T14:16:11.691132,40.8,917470052352,167695417344,749774635008
2025-12-25T14:16:12.694827,41.6,917470052352,167714881536,749755170816
2025-12-25T14:16:19.001917,3.1,917470052352,130760572928,786709479424
2025-12-25T14:16:20.003633,0.3,917470052352,130834628608,786635423744
2025-12-25T14:16:21.005083,0.0,917470052352,130842886144,786627166208
2025-12-25T14:16:22.006475,0.0,917470052352,130844065792,786625986560
2025-12-25T14:16:23.007844,0.3,917470052352,130844065792,786625986560
2025-12-25T14:16:24.009435,1.6,917470052352,130991521792,786478530560
2025-12-25T14:16:25.011149,0.4,917470052352,131090612224,786379440128
2025-12-25T14:16:26.012741,0.4,917470052352,131123642368,786346409984
2025-12-25T14:16:27.014290,1.9,917470052352,131206217728,786263834624
2025-12-25T14:16:28.015847,0.4,917470052352,131272474624,786197577728
2025-12-25T14:16:29.017284,0.4,917470052352,131339976704,786130075648
2025-12-25T14:16:30.018881,0.8,917470052352,131972726784,785497325568
2025-12-25T14:16:31.020481,0.4,917470052352,136977252352,780492800000
2025-12-25T14:16:32.022066,0.4,917470052352,141461094400,776008957952
2025-12-25T14:16:33.023617,0.4,917470052352,145944936448,771525115904
2025-12-25T14:16:34.025188,0.4,917470052352,150461808640,767008243712
2025-12-25T14:16:35.026763,0.4,917470052352,154887847936,762582204416
2025-12-25T14:16:36.028985,29.1,917470052352,254688821248,662781231104
2025-12-25T14:16:37.031807,36.6,917470052352,182561144832,734908907520
2025-12-25T14:16:38.033994,0.4,917470052352,182562324480,734907727872
2025-12-25T14:16:39.035616,0.4,917470052352,182625042432,734845009920
2025-12-25T14:16:40.037316,0.5,917470052352,182693658624,734776393728
2025-12-25T14:16:41.039136,4.1,917470052352,171592908800,745877143552
2025-12-25T14:16:42.041250,30.2,917470052352,169573154816,747896897536
2025-12-25T14:16:43.044147,7.9,917470052352,169612410880,747857641472
2025-12-25T14:16:44.046984,38.0,917470052352,169639280640,747830771712
2025-12-25T14:16:45.050099,38.7,917470052352,169652584448,747817467904
2025-12-25T14:16:46.053735,38.2,917470052352,168598568960,748871483392
2025-12-25T14:16:47.057039,39.1,917470052352,168067989504,749402062848
2025-12-25T14:16:48.059958,38.7,917470052352,168077623296,749392429056
2025-12-25T14:16:49.062965,38.1,917470052352,168102395904,749367656448
2025-12-25T14:16:50.065931,39.1,917470052352,167586365440,749883686912
2025-12-25T14:16:51.068751,30.7,917470052352,167163789312,750306263040
2025-12-25T14:16:52.071560,40.0,917470052352,167167918080,750302134272
2025-12-25T14:16:53.074660,37.1,917470052352,167172833280,750297219072
2025-12-25T14:16:54.077895,39.4,917470052352,167190724608,750279327744
2025-12-25T14:16:55.081277,39.7,917470052352,167199571968,750270480384
2025-12-25T14:16:56.085049,37.6,917470052352,167209992192,750260060160
2025-12-25T14:16:57.088301,39.9,917470052352,167215300608,750254751744
2025-12-25T14:16:58.091166,37.2,917470052352,167239876608,750230175744
2025-12-25T14:16:59.094313,38.4,917470052352,167270744064,750199308288
2025-12-25T14:17:00.097159,38.8,917470052352,167274479616,750195572736
2025-12-25T14:17:01.099906,33.3,917470052352,167731789824,749738262528
2025-12-25T14:17:02.143657,32.2,917470052352,167450968064,750019084288
2025-12-25T14:17:03.147123,40.7,917470052352,167453523968,750016528384
2025-12-25T14:17:04.150403,36.5,917470052352,167458242560,750011809792
2025-12-25T14:17:05.152934,41.9,917470052352,167460995072,750009057280
2025-12-25T14:17:06.155734,39.7,917470052352,167465320448,750004731904
2025-12-25T14:17:07.159048,40.7,917470052352,167438123008,750031929344
2025-12-25T14:17:08.161946,41.0,917470052352,167506345984,749963706368
2025-12-25T14:17:09.164943,40.4,917470052352,167512440832,749957611520
2025-12-25T14:17:10.167783,43.3,917470052352,167515586560,749954465792
2025-12-25T14:17:11.170959,39.9,917470052352,167528169472,749941882880
2025-12-25T14:17:12.173883,27.3,917470052352,167730872320,749739180032
2025-12-25T14:17:13.176691,40.1,917470052352,167482621952,749987430400
2025-12-25T14:17:14.179515,38.7,917470052352,167483998208,749986054144
2025-12-25T14:17:15.182075,38.6,917470052352,167485177856,749984874496
2025-12-25T14:17:16.184827,37.1,917470052352,167492255744,749977796608
2025-12-25T14:17:17.188054,40.2,917470052352,167495794688,749974257664
2025-12-25T14:17:18.191320,40.5,917470052352,167509360640,749960691712
2025-12-25T14:17:19.194440,40.3,917470052352,167515062272,749954990080
2025-12-25T14:17:20.198051,38.1,917470052352,167529414656,749940637696
2025-12-25T14:17:21.201196,40.2,917470052352,167534133248,749935919104
2025-12-25T14:17:22.204015,40.3,917470052352,167539048448,749931003904
2025-12-25T14:17:23.207050,34.6,917470052352,167561723904,749908328448
2025-12-25T14:17:24.210577,38.7,917470052352,167556612096,749913440256
2025-12-25T14:17:25.213329,40.1,917470052352,167572930560,749897121792
2025-12-25T14:17:26.216216,37.6,917470052352,167583547392,749886504960
2025-12-25T14:17:27.219733,40.0,917470052352,167588462592,749881589760
2025-12-25T14:17:28.222909,40.0,917470052352,167594164224,749875888128
2025-12-25T14:17:29.225902,36.7,917470052352,167598882816,749871169536
2025-12-25T14:17:30.228769,39.1,917470052352,167612252160,749857800192
2025-12-25T14:17:31.231679,39.7,917470052352,167616184320,749853868032
2025-12-25T14:17:32.234487,41.6,917470052352,167641939968,749828112384
2025-12-25T14:17:33.237253,39.0,917470052352,167644889088,749825163264
2025-12-25T14:17:34.240091,38.3,917470052352,167645085696,749824966656
2025-12-25T14:17:35.242788,39.4,917470052352,167646265344,749823787008
2025-12-25T14:17:36.245785,37.6,917470052352,167649411072,749820641280
2025-12-25T14:17:37.248481,39.6,917470052352,167666515968,749803536384
2025-12-25T14:17:38.251354,40.2,917470052352,167726284800,749743767552
2025-12-25T14:17:39.254337,38.5,917470052352,167729823744,749740228608
2025-12-25T14:17:40.257824,37.1,917470052352,167744962560,749725089792
2025-12-25T14:17:41.260523,41.1,917470052352,167750664192,749719388160
2025-12-25T14:17:42.263621,38.4,917470052352,167754203136,749715849216
2025-12-25T14:17:43.266432,37.8,917470052352,167758331904,749711720448
2025-12-25T14:17:44.270239,39.0,917470052352,167758725120,749711327232
2025-12-25T14:17:45.272875,40.9,917470052352,167759708160,749710344192
2025-12-25T14:17:46.275985,38.6,917470052352,167771897856,749698154496
2025-12-25T14:17:47.278852,39.9,917470052352,168131493888,749338558464
2025-12-25T14:17:48.281809,39.5,917470052352,168134967296,749335085056
2025-12-25T14:17:49.284843,38.7,917470052352,168147288064,749322764288
2025-12-25T14:17:50.288461,40.1,917470052352,168149843968,749320208384
2025-12-25T14:17:51.291509,40.8,917470052352,168151220224,749318832128
2025-12-25T14:17:52.294501,39.4,917470052352,168155152384,749314899968
2025-12-25T14:17:53.297042,38.6,917470052352,168158494720,749311557632
2025-12-25T14:17:54.300526,40.3,917470052352,168158494720,749311557632
2025-12-25T14:17:55.303665,38.5,917470052352,168158494720,749311557632
2025-12-25T14:17:56.306679,38.1,917470052352,168158887936,749311164416
2025-12-25T14:17:57.309441,43.7,917470052352,168163803136,749306249216
2025-12-25T14:17:58.312419,38.9,917470052352,168166162432,749303889920
2025-12-25T14:17:59.315556,38.4,917470052352,168168718336,749301334016
2025-12-25T14:18:00.318314,37.9,917470052352,168170881024,749299171328
2025-12-25T14:18:01.321061,37.9,917470052352,168185233408,749284818944
2025-12-25T14:18:02.323786,39.2,917470052352,168187789312,749282263040
2025-12-25T14:18:03.327103,39.5,917470052352,168190345216,749279707136
2025-12-25T14:18:04.330313,33.8,917470052352,168219967488,749250084864
2025-12-25T14:18:10.944480,0.0,917470052352,131521511424,785948540928
2025-12-25T14:18:11.946114,0.3,917470052352,131588292608,785881759744
2025-12-25T14:18:12.947526,0.0,917470052352,131595173888,785874878464
2025-12-25T14:18:13.948942,0.1,917470052352,131603431424,785866620928
2025-12-25T14:18:14.950381,0.0,917470052352,131605790720,785864261632
2025-12-25T14:18:15.951861,1.6,917470052352,131700293632,785769758720
2025-12-25T14:18:16.953452,0.4,917470052352,131782868992,785687183360
2025-12-25T14:18:17.954948,0.4,917470052352,131823566848,785646485504
2025-12-25T14:18:18.956515,2.1,917470052352,131889627136,785580425216
2025-12-25T14:18:19.958229,0.4,917470052352,131959619584,785510432768
2025-12-25T14:18:20.960004,0.4,917470052352,132035510272,785434542080
2025-12-25T14:18:21.961685,0.6,917470052352,132652924928,784817127424
2025-12-25T14:18:22.963608,0.3,917470052352,136550875136,780919177216
2025-12-25T14:18:23.965531,0.4,917470052352,141034127360,776435924992
2025-12-25T14:18:24.967485,0.4,917470052352,145500864512,771969187840
2025-12-25T14:18:25.969399,0.4,917470052352,150076325888,767393726464
2025-12-25T14:18:26.971254,0.4,917470052352,154559578112,762910474240
2025-12-25T14:18:27.973406,17.8,917470052352,231862173696,685607878656
2025-12-25T14:18:28.977583,44.0,917470052352,181654716416,735815335936
2025-12-25T14:18:29.979832,0.5,917470052352,181656485888,735813566464
2025-12-25T14:18:30.981415,0.4,917470052352,181665333248,735804719104
2025-12-25T14:18:31.983159,0.4,917470052352,181777596416,735692455936
2025-12-25T14:18:32.984847,0.4,917470052352,180746846208,736723206144
2025-12-25T14:18:33.986613,29.1,917470052352,175066054656,742403997696
2025-12-25T14:18:34.989316,15.1,917470052352,175101968384,742368083968
2025-12-25T14:18:35.992185,38.0,917470052352,174048280576,743421771776
2025-12-25T14:18:36.995049,38.2,917470052352,173501251584,743968800768
2025-12-25T14:18:37.998305,38.6,917470052352,172426067968,745043984384
2025-12-25T14:18:39.001751,37.5,917470052352,171946737664,745523314688
2025-12-25T14:18:40.004779,39.5,917470052352,170879877120,746590175232
2025-12-25T14:18:41.007737,37.8,917470052352,170903273472,746566778880
2025-12-25T14:18:42.011072,38.7,917470052352,170377936896,747092115456
2025-12-25T14:18:43.014072,34.0,917470052352,169755213824,747714838528
2025-12-25T14:18:44.017216,37.9,917470052352,169751085056,747718967296
2025-12-25T14:18:45.020559,37.9,917470052352,169748922368,747721129984
2025-12-25T14:18:46.023692,37.7,917470052352,169753837568,747716214784
2025-12-25T14:18:47.026719,37.8,917470052352,169759932416,747710119936
2025-12-25T14:18:48.029898,39.9,917470052352,169765830656,747704221696
2025-12-25T14:18:49.033113,38.8,917470052352,169770745856,747699306496
2025-12-25T14:18:50.036104,37.9,917470052352,169786277888,747683774464
2025-12-25T14:18:51.039237,37.9,917470052352,169253601280,748216451072
2025-12-25T14:18:52.042022,37.4,917470052352,169256747008,748213305344
2025-12-25T14:18:53.045170,27.3,917470052352,168067792896,749402259456
2025-12-25T14:18:54.048246,39.7,917470052352,168069562368,749400489984
2025-12-25T14:18:55.051395,38.7,917470052352,168071135232,749398917120
2025-12-25T14:18:56.054228,39.4,917470052352,168073101312,749396951040
2025-12-25T14:18:57.057808,38.0,917470052352,168082931712,749387120640
2025-12-25T14:18:58.060667,37.2,917470052352,168083914752,749386137600
2025-12-25T14:18:59.063975,39.4,917470052352,168091582464,749378469888
2025-12-25T14:19:00.066793,38.8,917470052352,168095318016,749374734336
2025-12-25T14:19:01.069926,39.8,917470052352,168099250176,749370802176
2025-12-25T14:19:02.072829,38.7,917470052352,168118517760,749351534592
2025-12-25T14:19:03.075797,37.0,917470052352,168122646528,749347405824
2025-12-25T14:19:04.078590,24.6,917470052352,168182546432,749287505920
2025-12-25T14:19:05.081562,40.3,917470052352,168183136256,749286916096
2025-12-25T14:19:06.085200,39.6,917470052352,168184119296,749285933056
2025-12-25T14:19:07.088559,37.4,917470052352,168196505600,749273546752
2025-12-25T14:19:08.091625,39.1,917470052352,168224227328,749245825024
2025-12-25T14:19:09.094572,36.3,917470052352,168238972928,749231079424
2025-12-25T14:19:10.097461,39.2,917470052352,168242708480,749227343872
2025-12-25T14:19:11.100484,37.6,917470052352,168245657600,749224394752
2025-12-25T14:19:12.103393,38.9,917470052352,168258240512,749211811840
2025-12-25T14:19:13.106828,39.4,917470052352,168261779456,749208272896
2025-12-25T14:19:14.110019,38.2,917470052352,168201093120,749268959232
2025-12-25T14:19:15.113482,34.1,917470052352,167785332736,749684719616
2025-12-25T14:19:16.117084,37.8,917470052352,167786905600,749683146752
2025-12-25T14:19:17.119819,38.5,917470052352,167790051328,749680001024
2025-12-25T14:19:18.122900,41.2,917470052352,167794966528,749675085824
2025-12-25T14:19:19.125656,39.0,917470052352,167799488512,749670563840
2025-12-25T14:19:20.128666,37.4,917470052352,167802241024,749667811328
2025-12-25T14:19:21.132007,42.3,917470052352,167805779968,749664272384
2025-12-25T14:19:22.134963,41.5,917470052352,167808139264,749661913088
2025-12-25T14:19:23.137804,41.0,917470052352,167829766144,749640286208
2025-12-25T14:19:24.140755,39.1,917470052352,167834288128,749635764224
2025-12-25T14:19:25.143736,39.3,917470052352,167834877952,749635174400
2025-12-25T14:19:26.146616,39.8,917470052352,167860043776,749610008576
2025-12-25T14:19:27.149240,41.8,917470052352,167862796288,749607256064
2025-12-25T14:19:28.152399,41.7,917470052352,167864369152,749605683200
2025-12-25T14:19:29.155426,38.6,917470052352,167865155584,749604896768
2025-12-25T14:19:30.158311,38.0,917470052352,167870070784,749599981568
2025-12-25T14:19:31.160972,38.3,917470052352,167871643648,749598408704
2025-12-25T14:19:32.164128,40.7,917470052352,167874396160,749595656192
2025-12-25T14:19:33.167197,38.5,917470052352,167878328320,749591724032
2025-12-25T14:19:34.170399,38.0,917470052352,167888355328,749581697024
2025-12-25T14:19:35.173398,38.0,917470052352,167889338368,749580713984
2025-12-25T14:19:36.176753,37.8,917470052352,167891501056,749578551296
2025-12-25T14:19:37.179703,37.6,917470052352,167893073920,749576978432
2025-12-25T14:19:38.183149,41.1,917470052352,167952842752,749517209600
2025-12-25T14:19:39.186032,39.5,917470052352,167956381696,749513670656
2025-12-25T14:19:40.189224,37.3,917470052352,167960313856,749509738496
2025-12-25T14:19:41.192317,38.4,917470052352,167963066368,749506985984
2025-12-25T14:19:42.195327,38.5,917470052352,167965818880,749504233472
2025-12-25T14:19:43.198523,37.3,917470052352,167977418752,749492633600
2025-12-25T14:19:44.201512,37.6,917470052352,167980957696,749489094656
2025-12-25T14:19:45.204242,37.1,917470052352,167984103424,749485948928
2025-12-25T14:19:46.207737,37.6,917470052352,167984693248,749485359104
2025-12-25T14:19:47.210583,39.7,917470052352,167985479680,749484572672
2025-12-25T14:19:48.213638,37.4,917470052352,167987445760,749482606592
2025-12-25T14:19:49.216557,37.7,917470052352,167990984704,749479067648
2025-12-25T14:19:50.219551,38.0,917470052352,168504262656,748965789696
2025-12-25T14:19:51.223279,40.1,917470052352,168519401472,748950650880
2025-12-25T14:19:52.226216,39.6,917470052352,168522940416,748947111936
2025-12-25T14:19:53.229400,38.2,917470052352,168526282752,748943769600
